Longitude,Latitude,Name
-85.72891,37.5332,Abraham Lincoln Birthplace NHP - 2995 Lincoln Farm Rd Hodgenville KY 42748>270-358-3137 
-85.7360229,37.5308876,Abraham Lincoln Birthplace NHP - Visitor Center
-88.12466,41.3896,Abraham Lincoln National Cemetery NHS - 20953 W Hoff Rd Elwood IL 60421>815-423-9958 
-68.04773,44.454,Acadia NP - 25 Visitor Center Rd Bar Harbor ME 04609>207-288-4988 
-68.2459488,44.4084893,Acadia NP - Visitor Center
-71.0099,42.25639,Adams NHP - 135 Adams St Quincy MA 02169>617-773-1177 
-71.0112381,42.2569504,Adams NHP - Visitor Center
-134.15976,57.61806,Admiralty Island NM - Skagway Hoonah Angoon AK 99820>907-586-8800 
-77.02439,38.91639,African American Civil War Memorial - 1000 U St NW DC 20009>202-667-2667 
-73.99235,40.71367,African Burial Ground NM - 105 E Broadway NY NY 10013>212-637-2019 
-103.7340546,42.4261513,Agate Fossil Beds NM - Visitors Center
-103.75363,42.42428,Agate Fossil Beds NM - Whistle Creek NE 69346>308-668-2211 
-112.07504,34.15417,Agua Fria NM - Cordes Junction Cordes Lakes AZ 85324>623-580-5500 
-122.45993,37.77,AIDS Memorial Grove - Bowling Green Dr San Francisco CA 94102>415-765-0498 
-155.67977,18.91111,Ala Kahakai NHT - 73-4786 Kanalani St Suite 14 Kailua-Kona HI 96740>808-326-6012 
-156.85952,59.00472,Alagnak River NP - AK 99625>907-246-3305 
-166.52562,53.88889,Aleutian World War II National Historic Area - E Point Dr Unalaska AK 99692 
-101.66593,35.57139,Alibates Flint Quarries NM - Fritch TX 79036>806-857-3151 
-78.53881,40.45417,Allegheny Portage Railroad NHS - 110 Federal Park Rd Gallitzin PA 16641>814-886-6150 
-78.5498505,40.4571609,Allegheny Portage Railroad NHS - Visitor Center
-102.329167,38.049722,Amache NHS - 23900 County Road FF Granada CO 81041
145.71691,15.2181,American Memorial Park - Industrial Dr Garapan Saipan Northern Mariana Islands>670-234-7207 
-101.04843,29.43667,Amistad NRA - 4121 Veterans Blvd Del Rio TX 78840>830-775-7491 
-101.0559692,29.4499512,Amistad NRA - Amistad Visitor Center
-100.9060898,29.4289837,Amistad NRA - Headquarters Visitor Center
-76.89869,38.79999,Anacostia Park -1900 Anacostia Dr SE Washington DC 20020>202-472-3884 
-84.12964,32.20358,Andersonville National Cemetery NHS - Andersonville GA 31711>229-924-0343 
-84.1256,32.19759,Andersonville NHS - Andersonville Civil War Prison Andersonville GA 31711>229-924-0343 
-84.1330795,32.2037125,Andersonville NHS - Visitor Center
-82.83634,36.15527,Andrew Johnson National Cemetery NHS - 204 Ponderosa Dr Greeneville TN 37743 
-82.8381042,36.1536064,Andrew Johnson National Cemetery NHS -Visitor Center
-82.83384,36.15833,Andrew Johnson NHS - 101 N College St Greeneville TN 37743>423-638-3551 
-158.14843,56.9,Aniakchak NM and Preserve - King Salmon AK 99613>907-246-3305 
-77.73775,39.47914,Antietam National Cemetery NHS - 5923 Mummas Ln Keedysville MD 21756 
-77.7444153,39.4742164,Antietam National Cemetery NHS - Visitor Center
-77.73816,39.4803,Antietam NBS - 5831 Dunker Church Rd Sharpsburg MD 21782>301-432-5124 
-90.66273,46.96528,Apostle Islands NL - 415 Washington Ave Bayfield WI 54814>715-779-3398 
-74.643881,41.329228,Appalachian NST - CT MA MD ME NJ NY PA TN VA WV>304-535-6278
-78.79954,37.37845,Appomattox Court House NHP - 113 National Park Dr Appomattox VA 24522>434-352-8987 
-78.796051,37.3774223,Appomattox Court House NHP - Visitor Center
-109.56333,38.77,Arches NP- Arches Entrance Rd Moab - UT 84532>435-719-2299 
-109.6195831,38.6163902,Arches NP- Arches National Park Visitor Center
-91.34218,34.02361,Arkansas Post NMEM - 1741 Old Post Rd Gillett AR 72055>870-548-2207 
-91.345108,34.0165749,Arkansas Post NMEM - Visitor Center
-77.0726,38.88275,Arlington House NMEM - 321 Sherman Dr Ft Myer VA 22211>703-235-1530 
-77.06992,38.87657,Arlington National Cemetery - 1 Memorial Dr Fort Myer VA 22211>703-271-7727 
-75.20689,38.08332,Assateague Island NS - 7206 NS Ln Berlin MD 21811>410-641-1441 
-75.155243,38.2488175,Assateague Island NS - Barrier Island Visitor Center
-75.1525574,38.2083168,Assateague Island NS - Entrance Station
-75.3436355,37.889286,Assateague Island NS - Tom's Cove Visitor Center
-107.99653,36.83583,Aztec Ruins NM - 84 County Rd 2900 Aztec NM 87410>505-334-6174 
-108.0002289,36.8345375,Aztec Ruins NM - Aztec Ruins Visitor Center
-102.43263,43.6504,Badlands NP - 25214 Ben Reifel Pl Interior SD 57750>605-433-5361 
-101.9416199,43.7490959,Badlands NP - Ben Reifel Visitor Center
-101.9571228,43.7419358,Badlands NP - Entrance Station-Interior Entrance
-101.9055786,43.7924347,Badlands NP - Entrance Station-Northeast Entrance
-106.2751465,35.7959823,Badlands NP - Entrance Station-Park Entrance
-102.2379074,43.88554,Badlands NP - Entrance Station-Pinnacles
-102.4964829,43.5115776,Badlands NP - White River Visitor Center
-106.31953,35.77888,Bandelier NM - 15 Entrance Rd Los Alamos NM 87544>505-672-3861 
-106.270813,35.7789917,Bandelier NM - Bandelier National Monument Visitor Center
-115.397222,37.928056,Basin and Range National Monument - NV
-73.96157,40.81333,Battleground National Cemetery - 6625 Georgia Ave NW DC 20240>202-895-6070 
-77.003766,38.892315,Belmont-Paul Women’s Equality NM - 144 Constitution Ave NE Washington DC 20002>202-546-1210
-75.17157,39.95832,Benjamin Franklin NM - 222 N 20th St Philadelphia PA 19103>215-448-1200 
-103.42373,38.04045,Bent's Old Fort NHS - 35110 Colorado 194 La Junta CO 81050>719-383-5010 
-103.434288,38.0446625,Bent's Old Fort NHS - Bent's Old Fort Visitor Center
-164.80713,66.05595,Bering Land Bridge National Preserve - Nome AK 99762>907-443-2522 
-122.766667,39.216667,Berryessa Snow Mountain National Monument -CA
-103.05913,29.81874,Big Bend NP - 1 Headquarters Dr Big Bend National Park TX 79834>432-477-2251 
-103.2076492,29.3223629,Big Bend NP - Big Bend Visitor Center
-103.3009796,29.2700214,Big Bend NP - Chisos Basin Visitor Center
-103.1666718,29.6808586,Big Bend NP - Entrance Station-Entrance
-103.5228272,29.3066272,Big Bend NP - Entrance Station-Entrance
-103.1735916,29.6600322,Big Bend NP - Persimmon Gap Visitor Center
-102.9580383,29.178299,Big Bend NP - Rio Grande Village Visitor Center
-81.03241,25.85889,Big Cypress National Preserve - 52105 Tamiami Trail E Ochopee FL 34141>239-695-1201 
-81.0232696,25.8562546,Big Cypress National Preserve - Visitor Center
-113.6428299,45.6415062,Big Hole NB - Big Hole Visitor Center
-113.64203,45.6375,Big Hole NB - Ritschel Rd Wisdom MT 59761>406-689-3155 
-84.69706,36.4865,Big South Fork NR & Recreation Area - Bandy Loop Oneida TN 37841>423-569-9778 
-84.651474,36.4714012,Big South Fork NR & Recreation Area - Visitor Center
-105.72941,37.6822,Big Spring Creek (NNL) Saguache County - CO 
-94.40953,30.27567,Big Thicket National Preserve - 6102 Farm to Market Rd 420 Kountze TX 77625>409-951-6700 
-94.3863449,30.4588909,Big Thicket National Preserve - Big Thicket Visitor Center
-108.12903,45.19444,Bighorn Canyon NRA - Big Horn MT 59089>406-666-2412 
-108.3771286,44.8374405,Bighorn Canyon NRA - Bighorn Canyon Visitor Center
-107.9558258,45.3087883,Bighorn Canyon NRA - Yellowtail Visitor Center
-86.814722,33.515278,Birmingham Civil Rights NM - 1510 5th Ave N Birmingham AL 35203>205-328-9696
-80.26033,25.442,Biscayne NP - 9700 SW 328 St Homestead FL 33033>305-230-1100 
-80.3358154,25.4642983,Biscayne NP - Visitor Center
-107.72663,38.58491,Black Canyon of the Gunnison NP - 10346 Hwy 347 Montrose CO 81401>970-641-2337 
-107.6864395,38.5544205,Black Canyon of the Gunnison NP - Black Canyon Visitor Center
-71.400989,41.899999,Blackstone River Valley NHP - MA & RI
-104.0222441,30.30588403,Blackwell School NHS - 501 S Abbot St Marfa TX 79843>432-729-4445
-80.93449,36.51861,Blue Ridge Parkway - 2027 Saddle Mountain Church Rd Ennice NC 28623>540-745-9660 
-81.9285049,35.9537544,Blue Ridge Parkway - Center-Linville Falls Visitor Center
-82.3925324,35.6992798,Blue Ridge Parkway - Craggy Gardens Visitor Center
-80.9069901,36.5535927,Blue Ridge Parkway - Cumberland Knob Visitor Center
-78.8994446,37.9727173,Blue Ridge Parkway - Humpback Rocks Visitor Center
-79.365921,37.5552177,Blue Ridge Parkway - James River Visitor Center
-81.6929398,36.1490479,Blue Ridge Parkway - Moses H. Cone Visitor Center
-82.0514069,35.8541145,Blue Ridge Parkway - Museum of North Carolina Minerals Visitor Center
-83.3030319,35.515255,Blue Ridge Parkway - Oconaluftee Visitor Center 
-79.609932,37.4455643,Blue Ridge Parkway - Peaks of Otter Visitor Center
-80.3498612,36.8114891,Blue Ridge Parkway - Rocky Knob Visitor Center
-83.1411056,35.4604492,Blue Ridge Parkway - Waterrock Knob Visitor Center
-80.99771,37.54167,Bluestone NSR - Bluestone River WV 25971 
-79.76435,37.12333,Booker T. Washington NM - 12130 Booker T Washington Hwy Hardy VA 24101>540-721-2094 
-79.7315292,37.1191521,Booker T. Washington NM - Visitor Center
-71.06325,42.36,Boston African American NHS -46 Joy St Boston - MA 02108>617-742-5415 
-70.94436,42.31861,Boston Harbor Islands NRA - Gallups Island St Hull MA 02045>617-223-8666 
-71.0651626,42.3600693,Boston NHP - 5872-Visitor Center
-71.0596618,42.3717079,Boston NHP - Bunker Hill Pavilion Visitor Center
-71.05488,42.36,Boston NHP - Charlestown Navy Yard Boston MA 02455>617-242-5601 
-71.0469818,42.35429,Boston NHP - Discovery Center Fan Pier
-88.72711,34.50672,Brices Cross Roads NBS - 2680 Natchez Trace Pkwy Tupelo MS 38804>662-680-4025 
-95.67492,39.03806,Brown v. Board of Education NHP - 1515 SE Monroe St Topeka KS 66612>785-354-4273 
-95.6718903,39.0541954,Brown v. Board of Education NHP - Brown vs Board of Education Visitor Center
-106.059,38.615,Browns Canyon NM - Chaffee County CO
-112.19503,37.5548,Bryce Canyon NP - Bryce Canyon UT 84764>435-834-5322 
-112.1695862,37.640335,Bryce Canyon NP - Bryce Canyon Visitor Center
-112.1684723,37.6416931,Bryce Canyon NP - Entrance Station
-64.61768,17.78694,Buck Island Reef NM - US VI 00802>340-773-1460 
-92.42477,36.17806,Buffalo NR - 402 N Walnut St # 136 Harrison AR 72601 
-92.7633667,35.986557,Buffalo NR - Tyler Bend Visitor Center
-117.24073,32.67352,Cabrillo NM - 1800 Cabrillo Memorial Dr San Diego CA 92106>619-557-5450 
-117.239563,32.6748772,Cabrillo NM - Cabrillo Visitor Center
-122.17865,36.89,California Coastal NM - 299 Foam St Monterey CA 93940>831-372-6115 
-111.88877,40.76,California NHT - CA CO ID KS MO NE NV OR UT WY 
-84.598056,37.787778,Camp Nelson NM - 6614 Danville Rd Nicholasville KY 40356>859-881-5716
-80.7755,28.7675,Canaveral NS - (HQ) 212 S Washington Ave Titusville FL 32796>321-267-1110 
-80.8242569,28.927063,Canaveral NS - Visitor Center
-93.00214,31.66684,Cane River Creole NHP - 452 Jefferson St Natchitoches LA 71457>318-356-5555 
-109.46783,36.1336,Canyon de Chelly NM Chinle - AZ 86503>928-674-5500 
-109.5390396,36.1531868,Canyon de Chelly NM Chinle - Visitor Center
-109.8209229,38.4598465,Canyonlands NP Moab - Island In The Sky Visitor Center
-109.7475281,38.1687584,Canyonlands NP Moab - Needles Visitor Center
-109.87943,38.261,Canyonlands NP Moab - UT 84532>435-719-2313 
-108.99865,37.36999,Canyons of the Ancients NM - 403 Rd G Pleasant View CO 81331>970-882-5600 
-70.20383,42.07389,Cape Cod NS - 99 Marconi Site Rd Wellfleet MA 02667>508-771-2144 
-70.2052765,42.0740662,Cape Cod NS - Province Lands Visitor Center
-69.9724427,41.8371353,Cape Cod NS - Salt Pond Visitor Center
-75.50993,35.30361,Cape Hatteras NS - 1401 National Park Dr Manteo NC 27920>252-473-2111 
-75.5648499,35.820385,Cape Hatteras NS - Bodie Island Visitor Center
-75.5213394,35.2555885,Cape Hatteras NS - Hatteras Island Visitor Center
-75.9863052,35.1164551,Cape Hatteras NS - Oracoke Island Visitor Center
-76.0069,36.92806,Cape Henry Memorial - 1368 Colonial Pkwy Jamestown VA 23081>757-229-9776 
-163.49873,67.41333,Cape Krusenstern NM - Winter Trail Kotzebue AK 99752>907-442-3890 
-76.53495,34.60528,Cape Lookout NS - Cape Lookout Rd: Harkers Island NC 28531>252-728-2250 
-76.5241394,34.622921,Cape Lookout NS - Lighthouse Visitor Center
-76.0597229,35.0687905,Cape Lookout NS - Portsmouth Visitor Center
-76.525528,34.6862411,Cape Lookout NS - Visitor Center
-111.2619782,38.2914925,Capitol Reef NP - Capital Reef Visitor Center
-111.23733,38.27617,Capitol Reef NP - Scenic Dr Torrey UT 84775>435-425-3791 
-75.99877,38,Captain John Smith Chesapeake NHT - MD VA DE DC 
-103.97995,36.7787247,Capulin Volcano NM - Capulin Volcano Visitor Center
-103.96843,36.78222,Capulin Volcano NM - Union NM 88418>575-278-2201 
-93.0881195,31.7409935,CARI-6046-Visitor Center
-82.4502,35.26778,Carl Sandburg Home NHS - 81 Carl Sandburg La Flat Rock NC 28731>828-693-4178 
-82.4472275,35.2715302,Carl Sandburg Home NHS - Visitor Center
-104.40773,32.1648,Carlsbad Caverns NP - 727 Carlsbad Cavern Hwy Carlsbad NM 88220>505-785-2232 
-104.4442139,32.1754074,Carlsbad Caverns NP - Carlsbad Caverns Visitor Center
-119.74865,35.15999,Carrizo Plain - Soda Lake Rd Santa Margarita CA 93453>805-475-2131 
-77.02269,38.90999,Carter G. Woodson Home NHS - 1318 Vermont Ave NW Washington DC 20005>202-673-2402 
-111.53033,32.99517,Casa Grande Ruins NM - 879 W Ruins Dr Coolidge AZ 85128>520-723-3172 
-111.5367584,32.9946899,Casa Grande Ruins NM - Casa Grande Visitor Center
-122.45976,42.07778,Cascade Siskiyou NM - Cascade Range OR 
-81.31024,29.89775,Castillo de San Marcos NM - 1 S Castillo Dr St. Augustine FL 32084>904-829-6506 
-81.3140259,29.8990669,Castillo de San Marcos NM Visitor Center
-74.01545,40.7036,Castle Clinton NM - Battery Park New York NY 10004>212-344-7220 
-74.0172424,40.7013207,Castle Clinton NM - Visitor Center
-117.02026,34.871345,Castle Mountains NM - 2701 Barstow Rd Barstow CA 92311>760-252-6100
-77.46536,39.64833,Catoctin Mountain Park - 6602 Foxville Rd Thurmont MD 21788>301-663-9388 
-77.4496842,39.6331291,Catoctin Mountain Park - Visitor Center
-112.8374786,37.6130867,Cedar Breaks NM - Cedar Breaks Visitor Center
-112.84483,37.64519,Cedar Breaks NM - Hwy 148 Cedar City UT 84720>435-586-9451 
-78.29933,39.16749,Cedar Creek & Belle Grove NHP - 7718 Main St Middletown VA 22645>540-868-9176 
-118.55572,35.22099,Cesar Chavez Home NM - 29672 Woodford Tehachapi Rd Keene CA 93531 
-107.95733,36.05833,Chaco Culture NHP - 1808 CR 7950 Nageezi NM 87037>505-786-7014 
-107.9105606,36.0303306,Chaco Culture NHP - Chaco Culture Visitor Center
-89.98519,29.94417,Chalmette National Cemetery - 8606 W Saint Bernard Hwy Chalmette LA 70043>504-281-0510 
-89.9943924,29.9420548,Chalmette National Cemetery - Chalmette Visitor Center
-106.45273,31.76778,Chamizal NMEM - 800 S San Marcial St El Paso TX 79905>915-532-7273 
-106.4543762,31.7679024,Chamizal NMEM - Chamizal Visitor Center
-119.2667084,34.2484512,Channel Islands NP - Channel Island Visitor Center
-119.74083,34.0394,Channel Islands NP - Pelican Bay Trail Ventura CA 93001 
-79.82325,32.84611,Charles Pinckney NHS - 1254 Long Point Rd Mount Pleasant SC 29464>843-881-5516 
-79.8246307,32.8431244,Charles Pinckney NHS - Visitor Center
-83.890454,39.707034,Charles Young Buffalo Soldiers National Monument - 1120 US Route 42 E Xenia OH 45385 
-84.32325,33.98722,Chattahoochee River NRA - 1978 Island Ford Pkwy Sandy Springs GA 30350>678-538-1200 
-84.3248139,33.9870758,Chattahoochee River NRA - Visitor Center
-85.25855,34.94,Chattanooga NMP - 3370 Lafayette Rd Fort Oglethorpe GA 30742 
-85.2597122,34.940342,Chattanooga NMP - Chickamauga Visitor Center
-85.3440933,35.0109901,Chattanooga NMP - Point Park Visitor Center
-85.343889,35.011606,Chattanooga NMP - Visitor Center
-72.52548,41.7645,Cheney Brothers Historic District Manchester - CT 06040 
-77.05615,38.89972,Chesapeake & Ohio Canal NHP - 1850 Dual Hwy #100 Hagerstown MD 21740>301-739-4200 
-77.6271973,39.3140792,Chesapeake & Ohio Canal NHP - Brunswick
-78.7631378,39.6497841,Chesapeake & Ohio Canal NHP - Cumberland
-77.0586853,38.9004631,Chesapeake & Ohio Canal NHP - Georgetown
-77.2467957,39.0024528,Chesapeake & Ohio Canal NHP - Great Falls Tavern
-78.1600036,39.6963654,Chesapeake & Ohio Canal NHP - Hancock
-77.8200836,39.6007156,Chesapeake & Ohio Canal NHP - Williamsport
-87.80547,41.80556,Chicago Portage NHS - 7361 47th St Lyons IL 60534 
-96.97075,34.50056,Chickasaw NRA - State Hwy 177 Sulphur OK 73086>580-622-7234 
-103.3402023,41.7044334,Chimney Rock NM - Chimney Rock Visitor Center
-103.34663,41.70368,Chimney Rock NM - Chimney Rock West Bayard NE 69334>308-586-2581 
-109.34673,32.01778,Chiricahua NM - 12856 E Rhyolite Creek Rd Willcox AZ 85643>520-824-3560 
-109.3577194,32.0049553,Chiricahua NM - Chiricahua Visitor Center
-109.387413,32.0083084,Chiricahua NM - Entrance Station
-64.70074,17.74693,Christiansted NHS - Queen St Christiansted US VI 00802 
-64.7027435,17.7472439,Christiansted NHS -Visitor Center
-113.70237,42.07727,City of Rocks National Reserve - 3075 S Malta ID 83342>208-824-5901 
-113.6333695,42.0957908,City of Rocks National Reserve - City of Rocks Visitor Center
-113.7451935,42.0274887,City of Rocks National Reserve - Entrance Station
-113.6668701,42.0839309,City of Rocks National Reserve - Entrance Station-Almo Entrance
-113.7453384,42.0864525,City of Rocks National Reserve - Entrance Station-Emery Canyon Entrance
-77.13936,38.96694,Clara Barton NHS - 5801 Oxford Rd Glen Echo MD 20812>301-320-1410 
-77.2783203,39.0477982,Clara Barton NHS - Visitor Center
-76.50711,37.21926,Colonial NHP - 624 Water St Yorktown VA 23690>757-898-2416 
-76.7773437,37.2091217,Colonial NHP - Jamestown Visitor Center
-76.5021363,37.230751,Colonial NHP - Yorktown Visitor Center
-76.71447,37.21557,Colonial Parkway - 1289 Colonial Pkwy Williamsburg VA 23185 
-108.68453,39.04249,Colorado NM - 1750 Rimrock Dr Fruita CO 81521>970-858-3617 
-108.7347641,39.1002845,Colorado NM - Colorado National Monument Visitor Center
-108.6309738,39.0349693,Colorado NM - Entrance Station-East Entrance
-108.7312927,39.1184693,Colorado NM - Entrance Station-West Entrance
-72.674731,41.753858,Coltsville NHP - Hartford CT
-80.78178,33.78333,Congaree NP - 100 National Park Rd Hopkins SC 29061>803-776-4396 
-77.044444,38.890833,Constitution Gardens - Washington DC 20024> 202-426-6841
-110.25473,31.3455,Coronado NMEM - E Quivera Trail Hereford AZ 85615>520-366-5515 
-110.2535934,31.3462944,Coronado NMEM - Visitor Center
-81.81661,35.13667,Cowpens NB - 4001 Chesnee Hwy Gaffney SC 29341>864-461-2828 
-80.8240814,33.8304329,Cowpens NB - Harry Hampton Visitor Center
-81.8180924,35.1368103,Cowpens NB - Visitor Center
-122.1692658,42.8687325,Crater Lake NP - Entrance Station-Annie Spring Entrance Station
-122.1159287,43.0869293,Crater Lake NP - Entrance Station-North Entrance Station
-122.10743,42.943,Crater Lake NP - Rim Dr Crater Lake OR 97604>541-594-3000 
-122.1434708,42.9110451,Crater Lake NP - Rim Village Visitor Center
-113.560318,43.4626999,Craters of the Moon NM & Preserve - Craters of the Moon Visitors Center
-113.51513,43.41667,Craters of the Moon NM & Preserve - Hwy 26 Arco ID 83213>208-527-1300 
-83.68574,36.60417,Cumberland Gap NHP - US 25E Middlesboro KY 40965>606-248-5614 
-83.6953506,36.6025734,Cumberland Gap NHP - Visitor Center
-81.44855,30.83333,Cumberland Island NS - Grand Ave St Marys GA 31558>912-882-4335 
-81.5506668,30.7202873,Cumberland Island NS - Visitor Center
-107.32543,38.45472,Curecanti NRA - 102 Elk Crk Gunnison CO 81230 
-107.1679993,38.4664383,Curecanti NRA - Elk Creek Visitor Center
-107.43036,45.56953,Custer National Cemetery - MT 342 Garryowen MT 59031 
-81.55548,41.20906,Cuyahoga Valley NP - 15610 Vaughn Rd Brecksville OH 44141>216-524-1497 
-81.613739,41.3725548,Cuyahoga Valley NP - Canal Visitor Center
-81.5087356,41.2303582,Cuyahoga Valley NP - Happy Days Visitor Center
-81.49107,41.47472,David Berger NMEM - 26001 S Woodland Rd Beachwood OH 44122>216-831-0700 
-84.08741,39.79472,Dayton Aviation Heritage NHP - 16 S Williams St Dayton OH 45402>937-225-7705 
-84.2118759,39.7539253,Dayton Aviation Heritage NHP - Visitor Center
-82.64299,27.52389,De Soto NMEM - 8300 Desoto Memorial Hwy Bradenton FL 34209>941-792-0458 
-82.6446457,27.5218258,De Soto NMEM - Visitor Center
-116.8667297,36.4617805,Death Valley NP - Furnace Creek Visitor Center
-117.09743,36.524,Death Valley NP - Mosaic Canyon Rd Death Valley CA 92328>760-786-2331 
-150.311703,63.431117,Denali NP & Preserve Eielson Visitor Center - Park Rd Healy AK 99743>907-683-9532
148.8887,63.72945,Denali NP Headquarters - AK 99755>907-683-2294 
-119.08283,37.62444,Devils Postpile NM - Pacific Crest Trail Oakhurst CA 93644>760-934-2289 
-104.7205658,44.5901299,Devils Tower NM - Devils Tower Visitors Center
-104.71373,44.59028,Devils Tower NM - US Hwy 14 Devils Tower WY 82714>307-467-5283 
-108.9724808,40.2451134,Dinosaur NM - Dinosaur National Monument Visitor Center
-108.97222,40.24319,Dinosaur NM HQ - 4545 US 40 Dinosaur CO 81610>435-781-7700 
-109.30213,40.43757,Dinosaur NM Quarry - Quarry Entrance Rd Jensen UT 84035 
-75.08124,41.01293,Douglas/Garvey Springs Trails - 154 CR 606 Columbia NJ 07835 
-75.523756,39.156253,Dover Green NM - Dover DE 19901 
-81.7846,24.6384,Dry Tortugas NP - Mustin St Key West FL 33040>305-242-7700 
-82.8733597,24.6285496,Dry Tortugas NP - Visitor Center
-75.12455,40.97198,Dunnfield Parking Appalachian Trail (Worthington State Forest) - I 80 W Columbia NJ 07832>908-841-9575 
-74.89433,41.14625,DWG NRA - 7 National Park Service Rd 615 Layton NJ 07851 
-75.120989,40.958344,DWG NRA - Arrow Island Overlook Water Gap PA
-74.98463,41.1072,DWG NRA Bushkill River Access - Bushkill Boat Launch Bushkill PA 18324 
-75.01591,41.08251,DWG NRA Commercial Gatehouse Northbound - East Stroudsburg PA 18302 
-74.80709,41.30918,DWG NRA Commercial Gatehouse Southbound - Milford PA 18337 
-74.88664,41.22948,DWG NRA Dingmans Falls Visitor Center - Johnny Bee Rd Dingmans Ferry PA 18328>570-828-6125
-74.871353,41.220286,DWG NRA Dingmans Falls Visitor Center Entrance - Rte 209 S Dingmans Ferry PA 18328
-74.8602,41.21932,DWG NRA Dingmans River Access - Dingman Falls Rd Dingmans Ferry PA 18328 
-75.00229,41.09058,DWG NRA Info Station Bushkill Meeting Ctr - 7018-7098 Milford Rd East Stroudsburg PA 18301 
-75.12698,40.97019,DWG NRA Kittatinny Point Visitor Center- I 80 W Columbia - NJ 07832>908-496-4458 
-74.8721,41.21462,DWG NRA Maintainence Yard - Dingmans Ferry PA 18328 
-74.79499,41.31105,DWG NRA Milford Beach - 109 Metcalfe Ln Milford PA 18337 
-74.96186,41.07368,DWG NRA Millbrook Village NJ - Old Mine Rd Hardwick NJ 07825>908-841-9531 
-75.14093,40.97975,DWG NRA Mount Minsi Lake Lenape parking PA - Lake Rd Bangor PA 18013 
-75.02025,41.08154,DWG NRA Northbound Entrance - East Stroudsburg PA 18302 
-75.0157,41.07058,DWG NRA Park Headquarters - River Rd Bushkill PA 18302>570-426-2452 
-74.91204,41.17083,DWG NRA PEEC (Pocono Environmental Ed. Ctr.) - 538 Emery Rd Dingmans Ferry PA 18328>570-828-2319 
-74.84982,41.19962,DWG NRA Peters Valley - 80 Walpack Rd N Layton NJ 07851 
-75.02096,41.04035,DWG NRA Poxono River Access NJ - CR 606 Hardwick NJ 07825 
-74.87154,41.21695,DWG NRA Ranger Office - Dingmans Ferry PA 18328>570-828-2321 
-75.05386,41.02975,DWG NRA Smithfield Beach - Hwy 2028 Bushkill PA 18301 
-74.80447,41.31118,DWG NRA Southbound Entrance - Dingmans Ferry PA 18328 
-74.87257,41.21144,DWG NRA Store & Campground - 1006 Rte 209 Dingmans Ferry PA 18328>570-828-1551 
-74.96718,41.1191,DWG NRA Valley View Group Camp Ground - Bushkill PA 18324 
-74.99647,41.05816,DWG NRA Van Campen Glen Recreation Site - CR 606 Hardwick NJ 07825 
-74.87906,41.15897,DWG NRA Walpack Center NJ - 10 Main St Branchville NJ 07826 
-77.018771,38.887182,Dwight D. Eisenhower Memorial - DC
-77.02461,38.86999,East Potomac Park - 972 Ohio Dr SW Washington DC 20024>202-426-6841 
-122.68822,48.21341,Ebey's Landing National Historical Reserve - 162 Cemetery Rd Coupeville WA 98239>360-678-6084 
-75.14881,39.96167,Edgar Allan Poe NHS - 532 N 7th St Philadelphia PA 19123>215-597-8780 
-91.18408,43.08861,Effigy Mounds NM - 151 Iowa 76 Harpers Ferry IA 52146 
-91.1854858,43.0886497,Effigy Mounds NM - Visitor Center
-77.26187,39.79332,Eisenhower NHS Gettysburg - PA 17325>717-338-911 
-107.95623,34.87635,El Malpais NM Grants - NM 87020>505-285-4641 
-107.8273392,35.1187248,El Malpais NM Grants - NW New Mexico Visitor Center
-108.3488998,35.0383873,El Morro NM - El Morro Visitor Center
-108.35173,35.03833,El Morro NM - SR53 Ramah NM 87321>505-783-4226 
-73.93382,41.78582,Eleanor Roosevelt NHS - 56 Valkill Park Rd Hyde Park NY 12538>845-229-9422 
-73.8972473,41.7637634,Eleanor Roosevelt NHS - Visitor Center
-74.03808,40.69956,Ellis Island NM - Ellis Island Bridge Jersey City NJ 07305 
-90.274722,33.860556,Emmett Till and Mamie Till-Mobley NM Sumner MS 38957>662-483-1231
-122.02813,37.82444,Eugene O'Neill NHS - 255 Kuss Rd Danville CA 94526>925-838-0249 
-80.79847,25.36,Everglades NP - 40001 SR 9336 Homestead FL 33034>305-242-7700 
-80.5892715,25.3944454,Everglades NP - Entrance Station
-80.9281006,25.1394596,Everglades NP - Flamingo
-81.3867645,25.8454208,Everglades NP - Gulf Coast
-80.583252,25.3956375,Everglades NP - Main
-80.6095428,25.3824291,Everglades NP - Royal Palm
-84.71579,45.85167,Father Marquette NMEM - 592 Boulevard Dr St Ignace MI 49781 
-74.00885,40.70722,Federal Hall NM - 26 Wall St New York NY 10005>212-825-6990 
-74.0095215,40.7066612,Federal Hall NM - Visitor Center
-72.98134,40.69639,Fire Island NS - 120 Laurel St Patchogue NY 11772>631-289-4810 
-72.8670426,40.7332077,Fire Island NS - Fire Island Wilderness Visitor Center
-73.2182694,40.6316795,Fire Island NS - Lighthouse Visitor Center
-73.1034927,40.6568031,Fire Island NS - Sailor's Haven Visitor Center
-72.9872971,40.6935234,Fire Island NS - Watch Hill
-81.37382,40.79667,First Ladies NHS - 331 S Market Ave Canton OH 44702>330-452-0876 
-75.565278,39.664722,First State NM - 211 Delaware St New Castle DE 19720>302-544-6363
-78.88453,40.08182,Flight 93 NMEM - 6424 Lincoln Hwy Stoystown PA 15563>814-893-6322 
-105.2854767,38.9134979,Florissant Fossil Beds NM - Florissant Fossil Beds Visitor Center
-105.26615,38.91805,Florissant Fossil Beds NM - Teller CR1 Florissant CO 80816>719-748-3253 
-77.02434,38.89667,Ford's Theatre NHS - 511 10th St NW Washington DC 20004>202-347-4833 
-109.43413,32.14611,Fort Bowie NHS - 3203 S Old Fort Bowie Rd Bowie AZ 85605>520-847-2500 
-109.4348221,32.1465797,Fort Bowie NHS - Fort Bowie Visitor Center
-81.4976501,30.3860187,Fort Caroline NMEM - Visitor Center
-81.49913,30.38694,Fort Caroline NMEM - West Ft Caroline Park Rd Jacksonville FL 32225>904-641-7155 
-103.92433,30.59583,Fort Davis NHS - 101 Lt. Henry Flipper Dr Fort Davis TX 79734>432-426-3224 
-103.8916702,30.5974255,Fort Davis NHS - Fort Davis Visitor Center
-87.84637,36.48525,Fort Donelson National Cemetery - 174 National Cemetery Rd Dover TN 37058 
-87.85607,36.48438,Fort Donelson NB - 120 Fort Donelson Rd Dover TN 37058>931-232-5706 
-87.8623734,36.484188,Fort Donelson NB - Visitor Center
-76.94818,38.8766,Fort Dupont Park - 3600 F St SE Washington DC 20019>202-426-7723 
-77.02649,38.7667,Fort Foote Park - 13551 Fort Washington Rd Fort Washington MD 20744>301-763-4600 
-81.39184,31.22389,Fort Frederica NM - 6515 Frederica Rd Brunswick GA 31520>912-638-3639 
-81.3889312,31.2230778,Fort Frederica NM - Visitor Center
-104.53433,42.20917,Fort Laramie NHS - 965 Gray Rocks Rd Fort Laramie WY 82212>307-837-2221 
-104.5560074,42.2036362,Fort Laramie NHS - Fort Laramie Visitor Center
-99.22521,38.15667,Fort Larned NHS - 1767 KS Hwy 156 Larned KS 67550>620-285-6911 
-99.2184982,38.1838112,Fort Larned NHS - Fort Larned Visitor Center
-81.23768,29.71528,Fort Matanzas NM - 8635 A1A S St. Augustine FL 32084>904-471-0116 
-76.57852,39.26306,Fort McHenry NM and Historic Shrine - 2400 E Fort Ave Baltimore MD 21230>410-962-4290 
-76.5806503,39.2626648,Fort McHenry NMVisitor Center
-76.30626,37.00361,Fort Monroe NM - Continental Park Fort Monroe VA 23651>757-788-3391 
-79.59826,39.81667,Fort Necessity NB - 1 Washington Pkwy Farmington PA 15437>724-329-5512 
-79.5875244,39.8161354,Fort Necessity NB - Visitor Center
-122.47563,37.81056,Fort Point NHS - Long Ave & Marine Dr San Francisco CA 94129>415-556-1693 
-80.88878,32.02722,Fort Pulaski NM - US 80 E Tybee Island GA 31328>912-786-5787 
-80.8925705,32.0268898,Fort Pulaski NM - Visitor Center
-75.70743,35.93833,Fort Raleigh NHS - 1401 National Park Dr Manteo NC 27954>252-473-5772 
-94.7051773,37.843193,Fort Scott NHS - Fort Scott Visitor Center
-94.70326,37.84389,Fort Scott NHS - Old Fort Blvd Fort Scott KS 66701>620-223-0310 
-94.42132,35.34333,Fort Smith NHS - 1 block west of 4th St and Garland Fort Smith AR 72902>888-369-5979 
-94.4298248,35.3857956,Fort Smith NHS - Visitor Center
-75.45377,43.21056,Fort Stanwix NM - 112 E Park St Rome NY 13440>315-336-2090 
-75.4560623,43.2084007,Fort Stanwix NM - Gregg Barricks Visitor Center
-79.87324,32.75222,Fort Sumter & Fort Moultrie NHP - 1214 Middle St Sullivan's Island SC 29482>843-883-3123 
-105.01673,35.90722,Fort Union NM - NM 161 Watrous NM 87753>505-425-8025 
-105.0114594,35.9050446,Fort Union NM - Visitor Center
-104.0414047,47.99963,Fort Union Trading Post NHS - Fort Union Trading Post Visitor Center
-104.03903,47.99944,Fort Union Trading Post NHS - Hwy 1804 Yellowstone Township ND 58849>701-572-9083 
-122.65663,45.6254,Fort Vancouver NHS - 612 East Reserve St Vancouver WA 98661>360-816-6200 
-122.6543655,45.6256332,Fort Vancouver NHS - Fort Vancouver Visitor Center
-77.03175,38.71083,Fort Washington Park - 13551 Fort Washington Rd Fort Washington MD 20744>301-763-4600 
-77.0332337,38.7124939,Fort Washington Park - Visitor Center
-110.7774658,41.8482475,Fossil Butte NM - Fossil Butte Visitor Center
-110.76633,41.85875,Fossil Butte NM - US 189 and 30 Kemmerer WY 83101>307-877-4455 
-77.04301,38.88389,Franklin Delano Roosevelt Memorial - Off West Basin Dr Washington DC 20003 
-76.98382,38.86333,Frederick Douglass NHS - 1411 W St SE Washington DC 20020>202-426-5961 
-71.13076,42.325,Frederick Law Olmsted NHS - 99 Warren St Brookline MA 02445>617-566-1689 
-77.46771,38.29305,Fredericksburg & Spotsylvania NMP - 120 Chatham Lane Fredericksburg VA 22405>540-373-6122 
-77.4673767,38.293747,Fredericksburg & Spotsylvania NMP - Visitor Center
-77.46755,38.29307,Fredericksburg National Cemetery - 120 Chatham Lane Fredericksburg VA 22405>541-371-0802 
-85.908333,33.635,Freedom Riders NM - 1031 Gurnee Ave Anniston AL 36201
-79.9277,39.77778,Friendship Hill NHS - 223 New Geneva Rd Point Marion PA 15474>724-725-9190 
-79.9301757,39.7772484,Friendship Hill NHS - Visitor Center
-153.29843,67.78333,Gates of the Arctic NP & Preserve (North Slope) - 4175 Geist Rd Fairbanks AK 99709>907-457-5752 
-90.18682049,38.62505316,Gateway Arch NP - 11 N 4th St Saint Louis MO 63102>314-655-1600
-90.18354,38.6246,Gateway Arch NP - 200 Washington Ave St. Louis MO 63102>314-655-1600 
-90.1875076,38.6229553,Gateway Arch NP - Visitor Center
-73.8839264,40.6288376,Gateway NRA - Canarsie Pier Visitor Center
-73.9770737,40.400856,Gateway NRA - Entrance Station-Sandy Hook
-73.88953,40.591,Gateway NRA - Floyd Bennett Field 50 Aviator Rd Brooklyn NY 11234>718-338-3799 
-74.00129,40.46389,Gateway NRA - Fort Hancock 58 Macgruder Rd Highlands NJ 07732>732-872-5911 
-73.88963,40.56389,Gateway NRA - Fort Tilden Rockaway Queens NY 11693>718-318-4300 
-74.06103,40.60833,Gateway NRA - Fort Wadsworth Bay St Staten Island NY 10305>718-354-4500 
-74.12586,40.55542,Gateway NRA - Great Kills Park Hyland Blvd Staten Island NY 10306>718-987-6729 
-73.87266,40.56702,Gateway NRA - Jacob Riis Park Rockaway Queens NY 11693>718-318-4300 
-73.84101,40.61778,Gateway NRA - Jamaica Bay Broad Channel Queens NY 11693>718-318-4340 
-73.8252411,40.6165123,Gateway NRA - Jamaica Bay Visitor Center
-74.09409,40.56416,Gateway NRA - Miller Field New Dorp Lane Staten Island NY 10306>718-351-6970 
-73.92478,40.5565,Gateway NRA - Rockaway Queens NY 11693>718-318-4300 
-73.8970032,40.5881386,Gateway NRA - Ryan Visitor Center
-73.99377,40.45288,Gateway NRA - Sandy Hook Sandy Hook NJ 07732>732-872-5970 
-73.9844513,40.4250145,Gateway NRA - Sandy Hook Visitor Center
-80.88853,38.22,Gauley River NRA - Glen Jean WV 25846>304-574-2115 
-73.963646,40.810894,General Grant NMEM - Visitor Center
-73.96156,40.81333,General Grant NMEM - W 122nd St & Riverside Dr NY NY 10027>212-666-1640 
-77.03773,38.87944,George Mason Memorial - 900 Ohio Dr SW Washington DC 20024>202-426-6841 
-87.53411,38.67919,George Rogers Clark NHP - 401 S 2nd St Vincennes IN 47591>812-882-1776 
-87.5356522,38.6762085,George Rogers Clark NHP - Visitor Center
-76.92907,38.18611,George Washington Birthplace NM - 1732 Popes Creek Rd Colonial Beach VA 22443>804-224-1732 
-76.9180527,38.1842079,George Washington Birthplace NM Visitor Center
-94.35271,36.98636,George Washington Carver NM - 5646 Carver Rd Diamond MO 64840 
-94.3546448,36.986145,George Washington Carver NM - George Washington Carver Visitor Center
-77.10088,38.91111,George Washington Memorial Parkway - DC VA 
-77.22995,39.82027,Gettysburg National Cemetery - National Cemetery Dr Gettysburg PA 17325>717-334-1626 
-77.226345,39.8177872,Gettysburg National Cemetery - Visitor Center
-77.24486,39.81206,Gettysburg NMP - Emmitsburg Rd Gettysburg PA 17325>717-334-1124 
-118.50309,36.04,Giant Sequoia NM - 86724 Hwy 180 Kings Canyon National Park CA 93633>559-565-3341 
-108.27063,33.22722,Gila Cliff Dwellings NM - 44 New Mexico 15 Silver City NM 88061>575-536-9461 
-108.2415314,33.223713,Gila Cliff Dwellings NM -Gila Visitors Center
-135.82214,58.45094,Glacier Bay NP & Preserve - 1 Park Rd Gustavus AK 99826>907-697-2230 
-135.8616333,58.4468345,Glacier Bay NP & Preserve - Glacier Bay Visitor Center
-113.993927,48.5278626,Glacier NP - Apgar Visitor Center
-113.7179184,48.6952934,Glacier NP - Logan Pass Visitor Center
-113.4340134,48.7487717,Glacier NP - Saint Mary Visitor Center
-113.77443,48.692,Glacier NP - West Glacier MT 59936>406-888-7800 
-111.48543,36.9936,Glen Canyon NRA - 691 Scenic View Dr Page AZ 86040>928-608-6200 
-110.718689,37.5286941,Glen Canyon NRA - Bullfrog Visitor Center
-111.4858933,36.9357872,Glen Canyon NRA - Carl Hayden Visitor Center
-75.14213,39.93444,Gloria Dei (Old Swedes') Church - 100 Christian St Philadelphia PA 19106>215-597-8974 
-122.5245285,37.8308868,Golden Gate NRA - Marin Headlands
-122.46523,37.78333,Golden Gate NRA - Point Lobos at 48th Ave San Francisco CA 94123>415-561-4700 
-122.459671,37.7998352,Golden Gate NRA - William Penn Mott Jr. VC
-122.42193,37.82667,Golden Gate NRA Alcatraz - Island Hornblower Alcatraz Landing San Francisco CA 94111 
-122.46443,37.79806,Golden Gate NRA Presidio - Hwy 1 San Francisco CA 94129 
-112.54593,41.62048,Golden Spike NHP - 450 6400 N Rd Corinne UT 84307 
-112.5508041,41.6173935,Golden Spike NHP - Golden Spike Visitors Center
-74.0146,40.69139,Governors Island NM - Andes Rd New York NY 11231>212-825-3045 
-113.19583,36,Grand Canyon NP -  North Rim - Supai AZ 86435 
-113.69843,36.4,Grand Canyon NP -  Parashant NM - BLM Arizona Strip Field Office Littlefield AZ 86432>435-688-3200 
-112.13616,36.05749,Grand Canyon NP - 1 Village Loop Rd Canyon Village AZ 86023>928-638-7888 
-112.1094513,36.0609436,Grand Canyon NP - Canyon View Visitor Center
-111.8278809,36.0387688,Grand Canyon NP - Entrance Station-East Entrance
-112.1161804,36.3348579,Grand Canyon NP - Entrance Station-North Rim
-112.1223526,36.0550117,Grand Canyon NP - Grand Canyon Visitor Center
-112.0530472,36.20047,Grand Canyon NP - North Rim Visitor Center
-112.11603,36.06501,Grand Canyon NP - South Rim - Grandeur Point Overlook Rd Grand Canyon AZ 86023 
-112.13593,36.05749,Grand Canyon NP - Village Loop Dr Grand Canyon AZ 86023 
-113.81483,35.99038,Grand Canyon NP - West Airport - Buck and Doe Rd Peach Springs AZ 86434>928-769-2419 
-89.74769,47.98528,Grand Portage NM - 170 Mile Creek Rd Grand Portage MN 55605>218-75-0123 
-111.68198,37.4,Grand Staircase-Escalante NM - Kane UT 84741>435-679-8980 
-110.6413574,43.9049148,Grand Teton NP - Colter Bay Visitor Center
-110.7207947,43.6601372,Grand Teton NP - Entrance Station-Moose Entrance Station
-110.5081558,43.8433495,Grand Teton NP - Entrance Station-Moran Entrance Station
-110.7232971,43.755928,Grand Teton NP - Jenny Lake Visitor Center
-110.7167358,43.6556625,Grand Teton NP - Moose Visitor Center
-110.78693,43.7403,Grand Teton NP - Moose WY 83012>307-739-3399 
-112.73793,46.40833,Grant-Kohrs Ranch NHS - 266 Warren Lane Deer Lodge MT 59722>406-846-2070 
-112.7367096,46.4060898,Grant-Kohrs Ranch NHS - Grant-Kohrs Ranch Visitor Center
-114.25953,38.93873,Great Basin NP - 100 Great Basin National Park Baker NV 89311>775-234-7517 
-114.219902,39.0055542,Great Basin NP - Great Basin National Park Visitor Center
-74.64827,39.30417,Great Egg Harbor NSR & NRR - 200 Chestnut St Philadelphia PA 19106>215-597-9175 
-105.51053,37.73287,Great Sand Dunes NP & Preserve - 11500 State Hwy 150 Mosca CO 81146>719-378-6300 
-105.5190277,37.7249565,Great Sand Dunes NP & Preserve - Entrance Station-Park Entrance
-105.5126724,37.7329445,Great Sand Dunes NP & Preserve - Great Sand Dunes Visitor Center
-83.16644,35.72715,Great Smoky Mountains NP - 107 Park Headquarters Rd Gatlinburg TN 37738>865-436-1200 
-83.84309,35.584957,Great Smoky Mountains NP - Cable Mill Visitor Center
-83.777101,35.606451,Great Smoky Mountains NP - Cades Cove Visitor Center
-83.3053055,35.5153275,Great Smoky Mountains NP - Oconaluftee Visitor Center
-83.5366821,35.6855622,Great Smoky Mountains NP - Sugarlands Visitor Center
-83.5367584,35.686966,Great Smoky Mountains NP - Visitor Center
-76.89702,38.98917,Greenbelt Park - 6565 Greenbelt Rzd Greenbelt MD 20770>301-344-3944 
-76.8931121,38.9949036,Greenbelt Park - Visitor Center
-104.85833,31.916,Guadalupe Mountains NP - Culberson TX 79855>915-828-3251 
-104.82164,31.8943024,Guadalupe Mountains NP - Visitor Center
-79.84494,36.13139,Guilford Courthouse NMP - 2332 New Garden Rd Greensboro NC 27410>336-288-1776 
-79.8467865,36.1310501,Guilford Courthouse NMP - Visitor Center
-86.96606,30.36444,Gulf Islands NS - Pensacola FL 32563>850-934-2600 
-87.1306533,30.3641072,Gulf Islands NS - Visitor Center
-88.7900315,30.3919563,Gulf Islands NS - William M Colmer Visitor Center
-114.94373,42.79028,Hagerman Fossil Beds NM - E 2830 S Hagerman ID 83332>208-933-4100 
-114.8982315,42.8179436,Hagerman Fossil Beds NM - Hagerman Fossil Beds Visitor Center
-156.2498016,20.7149715,Haleaka NP - Haleakala Visitors Center
-156.0456543,20.6601314,Haleaka NP - Kipahulu Visitors Center
-156.20873,20.71061,Haleaka NP - Makawao HI 96768>808-572-4400 
-156.2471008,20.7588901,Haleaka NP - Park Headquarters Visitors Centers
-73.94685,40.82238,Hamilton Grange NMEM - 503 W 145th St New York NY 10031>212-926-2147 
-76.58604,39.41611,Hampton NHS - 535 Hampton Ln Towson MD 21286>410-823-1309 
-76.5877228,39.4145584,Hampton NHS - Visitor Center
-119.51532,46.58333,Hanford Reach NM Sunnyside - WA 98944 
-77.00175,38.74583,Harmony Hall - 10701 Livingston Rd Fort Washington MD 20744 
-77.72823,39.32278,Harpers Ferry NHP - S Potomac St & Shenandoah St Harpers Ferry WV 25425>304-535-6029 
-77.756279,39.3180008,Harpers Ferry NHP - Visitor Center
-76.5644938,42.91121697,"Harriet Tubman NHP - 180 South St, Auburn, NY 13021>315- 882-8060"
-76.106071,38.447405,Harriet Tubman NHP - 2145 Key Wallace Dr Cambridge MD 21613 
-94.5308,38.90211,Harry S. Truman NHS - 12121 Blue Ridge Blvd Grandview MO 64030>816-254-2720 
-94.4153595,39.0932769,Harry S. Truman NHS - Visitor Center
-155.29833,19.39999,Hawaii Volcanoes NP - 99 150 Crater Rim Dr Hawaii National Park HI 96718>808-985-6000 
-155.2573242,19.4314728,Hawaii Volcanoes NP - Entrance Station
-155.2909699,19.4230919,Hawaii Volcanoes NP - Jaggar Museum Visitor Center
-155.2597961,19.4326248,Hawaii Volcanoes NP - Kilauea Visitors Center
-91.3457489,41.6708489,Herbert Hoover NHS - Visitor Center
-91.34661,41.66861,Herbert Hoover NHS -110 Parkside Dr West Branch - IA 52358>319-643-2541 
-80.60188,34.23389,Historic Camden Revolutionary War Site - 222 Broad St Camden SC 29020>803-432-9841 
-76.77744,37.20971,Historic Jamestowne - 1368 Colonial Pkwy Jamestown VA 23081>757-229-9776 
-111.92513,33.15444,Hohokam Pima NM - N Field Rd Maricopa AZ 85138 
-73.93409,41.76721,Home of Franklin D. Roosevelt NHS - 4079 Albany Post Rd Hyde Park NY 12538>800-337-8474 
-73.9309234,41.768467,Home of Franklin D. Roosevelt NHS - Visitor Center
-96.82043,40.28525,Homestead NHP - 8523 W State Hwy 4 Beatrice NE 68310>402-223-3514 
-96.8357086,40.291111,Homestead NHP - Homestead National Monument Visitors Center
-158.059722,21.391667,Honouliuli NHS - Honouliuli Gulch Konia St Honolulu HI 96817
-83.00491,39.37583,Hopewell Culture NHP - 16062 State Hwy 104 Chillicothe OH 45601>740-774-1125 
-83.0069046,39.3762474,Hopewell Culture NHP - Visitor Center
-75.77411,40.19861,Hopewell Furnace NHS - 2 Mark Bird La Elverson PA 19520>610-582-8773 
-75.7730942,40.2068405,Hopewell Furnace NHS - Visitor Center
-85.73688,32.97083,Horseshoe Bend NMP - 11288 Horseshoe Bend Rd Daviston AL 36256>256-234-7111 
-85.7352066,32.9822349,Horseshoe Bend NMP - Visitor Center
-92.95714,34.52684,Hot Springs NP - 369 Central Ave Hot Springs AR 71901>501-624-2701 
-93.0534058,34.5137635,Hot Springs NP - Visitor Center
-109.07573,37.38388,Hovenweep NM - Hovenweep Campground Rd Monticello UT 84535>970-562-4282 
-109.079567,37.3873673,Hovenweep NM - Visitor Center
-109.5584946,35.7093773,Hubbell Trading Post NHS - Hubbell Trading Post Visitor Center
-109.59183,35.72556,Hubbell Trading Post NHS - State Hwy 264 Ganado AZ 86505>928-755-3475 
-89.50168,42.87763,Ice Age NST - 2110 Main St Cross Plains WI 53528>800-227-0046 
-149.43258,60.12444,Iditarod NHT - 1759 Alameda St Seward AK 99664 
-149.89175,61.21806,Iditarod NHT - 524 W 4th Ave Anchorage AK 99501 
-75.14851,39.94889,Independence Hall - 41 N 6th St Philadelphia PA 19106>215-683-9408 
-75.14657,39.94778,Independence NHP - 143 South 3rd St Philadelphia PA 19106>215-965-2305 
-75.1503525,39.9492378,Independence NHP - Visitor Center
-87.0897751,41.6238823,Indiana Dunes NP - Bailly-Chellburg Visitor Center
-87.0102463,41.6616936,Indiana Dunes NP - Dorothy Buell Memorial Visitor Center
-87.220581,41.6142082,Indiana Dunes NP - Entrance Station
-87.10662,41.64806,Indiana Dunes NP - MI & IN>800-283-8687 
-87.2082825,41.6229057,Indiana Dunes NP - West Beach Visitor Center
-100.06303,48.99098,International Peace Garden - 10939 Hwy 281 Dunseith ND 58329>888-432-6733 
-156.75202,71.29861,Inupiat Heritage Center - 5421 North Star St Barrow AK 99723>907-852-0422 
-111.56544,32.45895,Ironwood Forest NM - Marana AZ 85653 
-88.89015,47.9624,Isle Royale NP - 800 E Lake Shore Dr Houghton MI 49931>906-482-0984 
-88.489708,48.145607,Isle Royale NP - Rock Harbor Visitor Center
-89.1577149,47.9115371,Isle Royale NP - Windigo Visitor Center
-81.34577,41.66222,James A Garfield NHS - 8095 Mentor Ave Mentor OH 44060>440-255-8722 
-81.3514709,41.6624641,James A Garfield NHS - Visitor Center
-89.99269,29.9425,Jean Lafitte NHP and Preserve - 419 Decatur St New Orleans LA 70130>504-589-3882 
-103.82783,43.72944,Jewel Cave NM - 11149 US Hwy 16 Custer SD 57730>605-673-8300 
-103.8297501,43.7322006,Jewel Cave NM - Jewel Cave Visitor Center
-84.39855,32.03389,Jimmy Carter NHP - 300 North Bond St Plains GA 31780>229-824-4104 
-84.3932342,32.0367241,Jimmy Carter NHS - Visitor Center
-110.69144,44.10472,John D. Rockefeller Jr. Memorial Parkway - Teton WY 83025 
-119.6449738,44.5550232,John Day Fossil Beds NM - John Day Fossil Beds Visitor Center
-119.63283,44.54987,John Day Fossil Beds NM - Painted Hills Unit Mitchell OR 97750>541-987-2333 
-77.04885,38.88667,John Ericsson NMEM - Ohio Dr SW Washington DC 20418>202-426-6841 
-71.12299,42.34583,John Fitzgerald Kennedy NHS - 83 Beals St Brookline MA 02446>617-566-7937 
-71.1234817,42.3465386,John Fitzgerald Kennedy NHS -Visitor Center
-122.13173,37.99131,John Muir NHS - 4202 Alhambra Ave Martinez CA 94553>925-228-8860 
-122.1312637,37.9912873,John Muir NHS - Visitor Center
-78.77718,40.34556,Johnstown Flood NMEM - 733 Lake Rd South Fork PA 15956>814-495-4643 
-78.7726059,40.3487015,Johnstown Flood NMEM - Visitor Center
-115.82633,33.843,Joshua Tree NP - 74485 National Park Dr Twentynine Palms CA 92277>360-367-5525 
-115.8240585,33.7485008,Joshua Tree NP - Cottonwood Visitor Center
-116.1557617,34.1199989,Joshua Tree NP - Entrance Station-Indian Cove
-116.0365601,34.0783233,Joshua Tree NP - Entrance Station-North Entrance Station
-116.2659226,34.0935669,Joshua Tree NP - Entrance Station-West Entrance Station
-116.0361023,34.1302376,Joshua Tree NP - Oasis Visitor Center
-122.45802,37.79208,Juan Bautista de Anza NHT - AZ CA 
-156.95843,21.17778,Kalaupapa Leprosy Settlement and NHP - Kalaupapa Peninsula Rd Molokai HI 96742>808-567-5802 
-156.02127,19.6787,Kaloko Honokohau NHP - 74 4968 Queen Kaahumanu Hwy Kailua HI 96740 
-156.0240173,19.6913166,Kaloko Honokohau NHP - Visitor Center
-106.41783,35.6736,Kasha-Katuwe Tent Rocks NM - Jemez Springs NM 87025>505-761-8700 
-68.619336,45.970362,Katahdin Woods and Waters NM - Hauling Rd 1 North Penobscot ME 04462>207-456-6001
-73.68033,42.7399,Kate Mullany NHS - 350 8th St Troy NY 12180 
-154.99843,58.5,Katmai NP & Preserve - King Salmon AK 99613>907-246-3305 
-149.64853,59.91666,Kenai Fjords NP - 500 Adams St # 103 Seward AK 99664>907-224-3175 
-149.4354553,60.1052932,Kenai Fjords NP - Kenai Fjords Visitors Center
-76.94642,38.90833,Kenilworth Park and Aquatic Gardens - 1550 Anacostia Ave NE Washington DC 20019>202-426-6905 
-84.57661,33.98306,Kennesaw Mountain NB Park - 900 Kennesaw Mountain Dr Kennesaw GA 30152>770-427-4686 
-84.577858,33.9829636,Kennesaw Mountain NB Park - Visitor Center
-88.45241,47.24667,Keweenaw NHP - 25970 Red Jacket Rd Calumet Township MI 49913>906-337-3168 
-118.63933,36.81199,Kings Canyon NP - 86724 Hwy 180 Kings Canyon National Park CA 93633>559-565-3341 
-81.38799,35.13778,Kings Mountain NMP - 2625 Park Rd Blacksburg SC 29702>864-936-7921 
-81.3771667,35.1412582,Kings Mountain NMP - Visitor Center
-135.31033,59.45639,Klondike Gold Rush NHP - 217 8th Ave Skagway AK 99840>907-983-2921 
-101.38433,47.35417,Knife River Indian Villages NHS - CR 37 Stanton ND 58571 
-101.3854828,47.3315697,Knife River Indian Villages NHS - Knife River Visitor Center
-159.13531,67.34408,Kobuk Valley NP - 154 2nd Ave Kotzebue AK 99752 
-77.0457,38.88778,Korean War Veterans Memorial - 1964 Independence Ave SW Washington DC 20418>202-426-6841 
-120.67673,48.32194,Lake Chelan NRA - 11 Silver Bay Rd Stehekin WA 98852 
-153.41561,60.96667,Lake Clark National Park & Preserve - 240 W 5th Ave Anchorage AK 99501>907-644-3626 
-114.79561,36.00972,Lake Mead NRA - Great Basin Hwy Boulder City NV 89005>702-293-8906 
-114.79673,36.0100593,Lake Mead NRA -Alan Bible Visitor Center
-114.5505524,35.2256432,Lake Mead NRA -Entrance Station-Entrance Station
-114.7954712,36.0196305,Lake Mead NRA -Entrance Station-Entrance Station
-114.8996506,36.1092072,Lake Mead NRA -Entrance Station-Entrance Station
-114.9079208,36.1628876,Lake Mead NRA -Entrance Station-Entrance Station
-101.55123,35.71472,Lake Meredith NRA - Ranch Road 1319 Sanford TX 79078>806-857-3151 
-118.97903,47.95611,Lake Roosevelt NRA - 1008 Crest Dr Coulee Dam WA 99116>509-633-9441 
-118.3059006,47.9034576,Lake Roosevelt NRA - Fort Spokane Visitor Center
-118.9844589,47.9618187,Lake Roosevelt NRA - Grand Coulee Dam Visitor Arrival Center
-121.41323,40.48297,Lassen Volcanic NP - 21750 Hwy 89 Mineral CA 96063>530-595-4480 
-121.5328445,40.4358521,Lassen Volcanic NP - Entrance Station
-121.5711975,40.5378685,Lassen Volcanic NP - Entrance Station
-121.5766525,40.5404816,Lassen Volcanic NP - Lassen Volcanic National Park Visitor Center
-121.5090027,41.713913,Lava Beds NM - Lava Beds Visitor Center
-121.50673,41.71389,Lava Beds NM - Road 10 Tulelake CA 96134>530-667-8100 
-123.87593,46.13361,Lewis and Clark National and State Historical Parks - 92343 Fort Clatsop Rd Astoria OR 97103>503- 861-2471 
-123.880333,46.1345444,Lewis and Clark National and State Historical Parks - Fort Clatsop Visitor Center
-122.336647,47.6035957,Lewis and Clark National and State Historical Parks - Klondike Gold Rush Visitor Center
-108.0081,46.00361,Lewis and Clark NHT - IL MO IA NE SD ND MT ID OR WA 
-94.58477,39.08044,Liberty Memorial - 100 W 26 St Kansas City MO 64108>816-784-1918 
-86.99551,38.11833,Lincoln Boyhood NMEM - County Road 300 E Lincoln City IN 47552 
-86.9959488,38.1130523,Lincoln Boyhood NMEM - Visitor Center
-89.64355,39.79722,Lincoln Home NHS - Lincoln Home NHS 491 S 9th St Springfield IL 62701>217-492-4150 
-89.6457824,39.7955322,Lincoln Home NHS - Visitor Center
-77.04863,38.8893,Lincoln Memorial - Lincoln Memorial Cir SW Washington DC 20037>202-426-6841 
-107.4298935,45.5699158,Little Bighorn Battlefield NM - Little Bighorn Battlefield Visitor Center
-107.42593,45.57028,Little Bighorn Battlefield NM - MT 342 Garryowen MT 59031>406-638-2621 
-85.59407,34.44056,Little River Canyon National Preserve Fort Payne - AL 35967 
-85.7031784,34.4622574,Little River Canyon National Preserve Fort Payne - Visitor Center
-92.298611,34.736667,Little Rock Central High School NHS - Little Rock AR 72202>501-374-1957
-71.12494,42.37667,Longfellow House Washington's Headquarters NHS - 105 Brattle St Cambridge MA 02138>617-876-4491 
-71.1263504,42.3768578,Longfellow House Washington's Headquarters NHS - Visitor Center
-71.30879,42.64667,Lowell NHP - 88 School St Lowell MA 01854 >978-970-5000 
-71.3127671,42.6443672,Lowell NHP - Market Mills Visitor Center
-71.32795,42.64812,Lowell NHP River Reach - 88 School St Lowell MA 01854 >978-970-5000 
-73.98868,40.7185,Lower East Side Tenement NHS - Lower East Side Tenement NHS 103 Orchard St NY NY 10002>212-982-8420 
-98.62269,30.24083,Lyndon B. Johnson NHP - Hodges Ranch Rd Stonewall TX 78671>830-644-2478 
-98.4110794,30.2755012,Lyndon B. Johnson NHP - Johnson City Visitor Center
-98.6263199,30.2374764,Lyndon B. Johnson NHP - LBJ Ranch Visitor Center
-77.04996,38.87861,Lyndon Baines Johnson Memorial Grove on the Potomac - GW Memorial Pkwy Washington DC 20037>703-289-2500 
-77.43661,37.54778,Maggie L. Walker NHS - 600 N 2nd St Richmond VA 23219>804-771-2017 
-86.11274,37.1841,Mammoth Cave NP - 1 Mammoth Cave Pkwy Mammoth Cave KY 42259>270-758-2180 
-86.1012726,37.1868248,Mammoth Cave NP - Visitor Center
-77.52022,38.81277,Manassas NB Park - 6511 Sudley Rd Manassas VA 20109>703-361-1339 
-77.5215988,38.8130684,Manassas NB Park - Visitor Center
-119.598611,46.6475,Manhattan Project NHP - Hanford WA
-106.324167,35.875556,Manhattan Project NHP - Los Alamos NM
-84.316667,35.933333,Manhattan Project NHP - Oak Ridge TN
-118.15293,36.72833,Manzanar NHS - 5001 Hwy 395 Independence CA 93526>760-878-2194 
145,20,Marianas Trench Marine NM - Northern Mariana Islands 
-72.52788,43.63125,Marsh-Billings-Rockefeller NHP - 54 Elm St Woodstock VT 05091>802-457-3368 
-72.5158844,43.6316643,Marsh-Billings-Rockefeller NHP - Visitor Center
-84.37082,33.755,Martin Luther King Jr NHP - 450 Auburn Ave NE Atlanta GA 30312>404-331-5190 
-84.3734512,33.7556839,Martin Luther King Jr NHP - Visitor Center
-77.04382,38.88593,Martin Luther King Jr NMEM - 1964 Independence Ave SW Washington DC 20024>202-426-6841 
-73.70276,42.36971,Martin Van Buren NHS - 1013 Old Post Rd Kinderhook NY 12106>518-758-9689 
-73.7034454,42.3696175,Martin Van Buren NHS - Visitor Center
-77.02882,38.90778,Mary McLeod Bethune Council House NHS - 1318 Vermont Ave NW Washington DC 20005>202-673-2402 
-90.21265,32.34097,Medgar and Myrlie Evers Home NM - 2332 Margaret W Alexander Dr Jackson MS 39213>601-345-7211
-77.0343,38.92123,Meridian Hill Park - 16th St & Euclid St NW Washington DC 20008>202-895-6070 
-108.50733,37.3192,Mesa Verde NP - Cortez CO 81330>970-529-4465 
-108.4163437,37.3310966,Mesa Verde NP - Entrance Station-Park Entrance
-108.4978943,37.2575454,Mesa Verde NP - Far View Visitor Center
-74.89854,41.15,Middle Delaware NSR HQ River Rd Bushkill - PA 18324>570-588-2452 
-84.73605842,37.06859585,Mill Springs Battlefield NM - 9020 W KY-80 Nancy KY 42544>606-636-4045
-74.96186,41.07368,Millbrook Village NJ - Old Mine Rd Blairstown NJ 07825>908-841-9531 
-114.23073,42.63694,Minidoka Internment NM - US 93 N Eden Exit Jerome ID 83338>208-837-4793 
-71.29713,42.45306,Minute Man NHP - 174 Liberty St Concord MA 01742>978-369-6993 
-71.2686615,42.4490128,Minute Man NHP - Minute Man Visitor Center
-71.3526001,42.4707985,Minute Man NHP - North Bridge Visitor Center
-102.15903,43.93111,Minuteman Missile NHS - 21280 SD Hwy 240 Philip SD 57567>605-433-5552 
-93.098727,44.942764,Mississippi NRR - St. Paul MN 55102>651-293-0200
-97.39134,42.8625,Missouri NRR Yankton - SD 57078>402-336-3970 
-130.60585,55.62167,Misty Fiords NM - 3031 Tongass Ave Ketchikan AK 99901>907-225-2148 
-115.71513,34.88333,Mojave National Preserve - 2701 Barstow Rd Barstow CA 92311>760-252-6100 
-117.0604706,34.8177033,Mojave National Preserve - Mojave National Preserve Visitor Center
-77.39063,39.37115,Monocacy NB - 5201 Urbana Pike Frederick MD 21704>301-662-3515 
-77.3869324,39.36726,Monocacy NB - Gambrill Mill Visitor Center
-111.83843,34.61305,Montezuma Castle NM - 2800 Montezuma Castle Hwy Camp Verde AZ 86322>928-567-3322 
-111.839072,34.611628,Montezuma Castle NM - Montezuma Castle Visitor Center
-78.10798,34.45806,Moores Creek NB - 40 Patriots Hall Dr Currie NC 28435>910-283-5591 
-78.1095887,34.45792,Moores Creek NB - Visitor Center
-111.88877,40.76,Mormon Pioneer NHT - IL IA NE UT WY 
-74.5419159,40.762764,Mormon Pioneer NHT Visitor Center
-74.52712,40.76694,Morristown NHP - 30 Washington Place Morristown NJ 07960>973-539-2016 
-121.74853,46.85,Mount Rainier NP - 55210 238th Ave E Ashford WA 98304>360-569-2211 
-121.740593,46.7844696,Mount Rainier NP - Henry M. Jackson Memorial Visitor Center
-121.5655823,46.7360039,Mount Rainier NP - Ohanapecosh Visitor Center
-121.6416245,46.914875,Mount Rainier NP - Sunrise Visitor Center
-121.9162979,46.9968682,Mount Rainier NP -Entrance Station-Carbon River Entrance
-121.9188232,46.743042,Mount Rainier NP -Entrance Station-Nisqually Entrance
-121.5594711,46.7574729,Mount Rainier NP -Entrance Station-Stevens Canyon Entrance
-121.555748,46.9039231,Mount Rainier NP -Entrance Station-White River Entrance
-103.45823,43.87895,Mount Rushmore NMEM - 13000 Highway 244 Keystone SD 57751>605-574-2523 
-103.4562149,43.8773041,Mount Rushmore NMEM - Mount Rushmore Visitor Center
-122.18293,46.23317,Mount St. Helens National Volcanic Monument - 42218 Northeast Yale Bridge Rd Amboy WA 98601>360-449-7800 
-75.12012,40.97182,Mount Tammany/Red Dot Trailhead - NJ 
-122.58233,37.89889,Muir Woods NM - Hwy 101 Mill Valley CA 94941>415-388-2595 
-122.574173,37.8942986,Muir Woods NM - Muir Woods Visitor Center
-91.38158,31.54333,Natchez NHP - 640 S Canal St Natchez MS 39120>601-446-5790 
-91.4107666,31.5548878,Natchez NHP - Visitor Center
-88.70877,34.33,Natchez Trace NST - Natchez Trace Pkwy Tupelo MS 38804>662-680-4027 
-88.7096558,34.3298378,Natchez Trace NST - Tupelo Visitor Center
-76.97073,38.874313,National Capital Parks - East Washington DC 20020>202-690-5185
-75.14747,39.95341,National Constitution Center - 525 Arch St Philadelphia PA 19106>215-409-6600 
-77.00905,38.89452,National Japanese Am. Memorial To Patriotism During WW II - 27-49 Louisiana Ave NW Washington DC 20001 
-77.0221,38.89,National Mall - 900 Ohio Drive SW Washington DC 20024>202-426-6841 
-170.68383,-14.25579,National Park of American Samoa - Ma'Oputasi Eastern American Samoa>684-633-7082 
-170.6969147,-14.279417,National Park of American Samoa - National Park Visitor Center
-74.01196,40.71159,National September 11 Memorial & Museum - Albany St New York NY 10006>212-312-8800 
-74.013611,40.711694,National September 11 Memorial Museum - Liberty St NY NY 10006>212-312-8800
-77.032994,38.895958,National World War I Memorial - Pershing Park Washington DC 20004>202-789-7000
-77.039,38.8894,National World War II Memorial - 17th St SW Washington DC 20004>202-426-6841 
-109.9770279,37.6093674,Natural Bridges NM - Natural Bridges Visitor Center
-110.01213,37.60138,Natural Bridges NM - San Juan UT 84511>435-692-1234 
-110.53313,36.68417,Navajo NM - Navajo AZ 86033>928-672-2700 
-110.5410461,36.6782379,Navajo NM - Visitor Center
-70.92185,41.63556,New Bedford Whaling NHP - 128 Union St New Bedford MA 02740>508-997-1776 
-70.9244766,41.6358147,New Bedford Whaling NHP - Visitor Center
-75.563675,39.659859,New Castle Court House Museum NM - 211 Delaware St New Castle DE 19720>302-323-4453 
-72.79767,41.77611,New England NST - CT MA 
-74.74856,39.75,New Jersey Pinelands National Reserve - NJ 
-90.06655,29.96306,New Orleans Jazz NHP - 916 N Peters St New Orleans LA 70116>504-589-4841 
-90.059372,29.9600945,New Orleans Jazz NHP - Visitor Center
-90.959722,39.695833,New Philadelphia NHS -Barry IL
-81.08022,37.96083,New River Gorge NP - 104 Main St Glen Jean WV 25846>304-763-3715 
-81.0754013,38.0712433,New River Gorge NP - Canyon Rim Visitor Center
-80.8933487,37.6553993,New River Gorge NP - Hinton Visitor Center
-81.080307,37.9583244,New River Gorge NP - Thurmond Depot Visitor Center
-121.25059,43.69417,Newberry National Volcanic Monument - 1001 SW Emkay Dr Bend OR 97702>541-593-2421 
-116.35783,46.14194,Nez Perce NHP - 39063 US 95 Nez Perce ID 83540>208-843-7001 
-116.8172073,46.4464989,Nez Perce NHP - Nez perce Visitor Center
-99.61605,39.39083,Nicodemus NHS - 304 Washington Ave Nicodemus KS 67625>785-839-4233 
-82.02299,34.14694,Ninety Six NHS - 1103 Hwy 248 S Ninety Six SC 29666>864-543-4068 
-82.0185699,34.149189,Ninety Six NHS - Visitor Center
-100.31513,42.88333,Niobrara NSR - 214 W Hwy 20 Valentine NE 69201>402-376-1901 
-161.19843,68,Noatak National Preserve - NW Arctic AK 99749>907-442-3890 
-120.6547394,48.3081742,North Cascades NP - Golden West
-121.264267,48.6660766,North Cascades NP - Northern Cascades Visitor Center
-121.18823,48.70643,North Cascades NP - SR 20 WA 98284>360-854-7200 
-85.3366,42.93446,North Country NST - MI MN ND NY OH PA WI 
-83.60685,32.83667,Ocmulgee NHP - 1207 Emery Hwy Macon GA 3121>478-752-8257 
-83.6037063,32.8425217,Ocmulgee NHP - Visitor Center
-83.6035385,32.847908,Ocmulgee NHP -Entrance Station
-83.6039123,32.847992,Ocmulgee NHP -Entrance Station
-97.51579,35.47278,Oklahoma City NMEM - 620 North Harvey Ave Oklahoma City OK 73102>405-235-3313 
-77.02658,38.89398,Old Post Office Pavilion - 1100 Pennsylvania Ave NW DC 20004>202-289-4225 
-105.93878,35.69,Old Spanish NHT - Santa Fe NM & Los Angeles CA CA NM 
-77.05925,38.90556,Old Stone House - 3051 M St NW Washington DC 20007 
-123.4279938,48.0967178,Olympic NP - Olympic National Park Visitor Center
-123.52033,47.799,Olympic NP- 3002 Mount Angeles Rd Port Angeles - WA 98362>360-565-3130 
-123.9347,47.8607101,Olympic NP- Hoh Rain Forest Visitor Center
-123.4983902,47.9691506,Olympic NP- Hurricane Ridge Visitor Center
-123.40563,42.09806,Oregon Caves NM - 20000 Caves Hwy Cave Junction OR 97523>541-592-2100 
-123.4077454,42.0982742,Oregon Caves NM - Oregon Caves Visitor Center
-112.85623,32.04444,Organ Pipe Cactus NM - 10 Organ Pipe Dr Ajo AZ 85321>520-387-6849 
-112.8010788,31.9547786,Organ Pipe Cactus NM - Organ Pipes Visitor Center
-81.38878,35.14,Overmountain Victory NHT - 2635 Park Rd Blacksburg SC 29702>864-936-3477 
-78.31536,37.08806,Oxon Cove Park & Oxon Hill Farm NHD - 6411 Oxon Hill Rd Oxon Hill MD 20745>301-839-1176 
-91.27486,37.1907,Ozark NSR - SR V Eminence MO 65466>573-323-4236 
-91.0143051,36.9956284,Ozark NSR - Visitor Center
-122.90878,42.0038,Pacific Crest NST - CA OR WA 
-122.90878,42.0038,Pacific Northwest NST - WA MT 
-97.36717,26.98444,Padre Island NS - 20420 Park Rd 22 Corpus Christi TX 78418>361-949-8068 
-97.2983093,27.423811,Padre Island NS - Malaquite Beach Visitor Center
-97.47908,26.02139,Palo Alto Battlefield NHP - Paredes Line Rd Brownsville TX 78521>956-541-2785 
-171.73198,25.7,Papahanaumokuakea Marine NM - 6600 Kalanianaole Hwy # 300 Honolulu HI 96825>808-397-2660 
-74.18037,40.91619,Paterson Great Falls NHP - Maple St Paterson NJ 07522 
-94.03272,36.45444,Pea Ridge NMP - 15930 E Hwy 62 Garfield AR 72732>479-451-8122 
-94.0259247,36.4437523,Pea Ridge NMP - Visitor Center
-157.9387722,21.36757852,Pearl Harbor NMEM - 1 Arizona Memorial Pl Honolulu HI 96818>808- 422-3399
-105.6892853,35.5496902,Pecos NHP - Pecos NHP Visitor Center
-105.68783,35.54999,Pecos NHP - Santa Fe NM 87552>505-757-7200 
-77.05063,38.94028,Peirce Mill - Western Ridge Trail Washington DC 20008 
-77.02244,38.89361,Pennsylvania Avenue NHS - Pennsylvania Ave NW Washington DC 20004 
-77.05788,38.8705,Pentagon Memorial - North Rotary Rd Arlington VA 22211>703-697-7351 
-82.80994,41.65417,Perry's Victory & International Peace Memorial - 93 Delaware Ave Put-in-Bay OH 43456>419-285-2184 
-82.8112259,41.6544457,Perry's Victory & International Peace Memorial - Visitor Center
-77.35994,37.21944,Petersburg NB - 1561 Hickory Hill Rd Petersburg VA 23803>804-732-3531 
-77.356659,37.2438088,Petersburg NB - Visitor Center
-109.78203,35.06274,Petrified Forest NP - Apache AZ 86025>928-524-6228 
-109.7778931,35.0696373,Petrified Forest NP - Entrance Station
-109.8853531,34.7995987,Petrified Forest NP - Entrance Station
-109.781601,35.0658455,Petrified Forest NP - Painted Forest Visitor Center
-106.76033,35.13583,Petroglyph NM - Gila Rd Albuquerque NM>505-899-0205 
-106.7116928,35.1379661,Petroglyph NM - Petroglyph Visitor Center
-86.31106,46.56222,Pictured Rocks NL - Burt Township MI 49839>906-387-3700 
-86.0210037,46.6576614,Pictured Rocks NL - Grand Sable Visitor Center
-121.16533,36.48693,Pinnacles NM - 5000 California 146 Paicines CA 95043>831-389-4485 
-121.1802216,36.4817963,Pinnacles NM - 5722-Visitor Center-Bear Gulch Visitor Center
-121.1617127,36.4831505,Pinnacles NM - Entrance Station-East Entrance Station
-121.146646,36.493545,Pinnacles NP - Pinnacles Visitor Center East CA CA 95043>831-389-4486
-121.226136,36.4777,Pinnacles NP - Pinnacles Visitor Contact Station West CA
-112.73563,36.86193,Pipe Spring NM - 240 N Pipe Spring Rd Fredonia AZ 86022>928-643-7105 
-112.737381,36.8625183,Pipe Spring NM - Pipe Spring Visitor Center
-96.32352,44.01333,Pipestone NM - 36 North Reservation Ave Pipestone MN 56164>507-825-5464 
-96.3208771,44.0095787,Pipestone NM - Visitor Center
-77.09146,38.67861,Piscataway Park - 3400 Bryan Point Rd Accokeek MD 20607>301-283-2113 
-122.88373,38.06,Point Reyes NS - 1 Bear Valley Rd Point Reyes Station CA 94956>415-464-5100 
-122.7990265,38.0431099,Point Reyes NS - Bear Valley Visitors Center
-122.9613266,38.0278244,Point Reyes NS - Kenneth C Patrick Visitors Center
-123.020958,37.9965134,Point Reyes NS - Visitor Center
-108.00448,45.99528,Pompeys Pillar NM - Pompeys Pillar MT 59088>406-875-2400 
-77.42715,37.16028,Poplar Grove National Cemetery - 8005 Vaughan Rd Petersburg VA 23805 
-122.02823,38.05749,Port Chicago Naval Magazine NMEM - 4202 Alhambra Ave Martinez CA 94520>925-228-8860 
-91.40634,32.63904,Poverty Point NM - 6859 Hwy 577 Pioneer LA 71266>888-926-5492 
-106.89843,32.35,Prehistoric Trackways NM - Las Cruces NM 88007 
-77.01032,38.94167,President Lincoln's Cottage at the Soldiers' Home - 140 Rock Creek Church Rd NW Washington DC 20011>202-829-0436 
-77.03545,38.89417,President's Park (White House) - 1100 Ohio Drive SW Washington DC 20242>202-208-1631 
-77.37841,38.58527,Prince William Forest Park - 18170 Park Entrance Rd Triangle VA 22172>703-221-7181 
-77.3471222,38.5600167,Prince William Forest Park - Visitor Center
-155.90873,19.42194,Pu'uhonua o Honaunau NHP - 62 3601 Akoni Pule Hwy Waimea HI 96743>808-328-2288 
-155.9132843,19.4244289,Pu'uhonua o Honaunau NHP - Visitors Center
-155.81842,20.02667,Pu'ukohola Heiau NHS - 62-3601 Kawaihae Rd Kawaihae HI 96743>808-882-7218 
-87.609444,41.697222,Pullman NHP - 11111 S Forrestville Ave Chicago IL 60628>773-660-2341
-110.96253,37.07721,Rainbow Bridge NM - 691 Scenic View Dr Page AZ 86040>928-608-6404 
-80.6706542,32.43247619,Reconstruction Era NHP - 706 Craven St Beaufort SC 29902>843-962-0039
-78.89663,37.03222,Red Hill Patrick Henry NMEM - Red Hill Rd Brookneal VA 24528>434-376-2044 
-123.94353,41.4771,Redwood NP - Humboldt CA 00049>707-464-9150 
-124.0216293,41.3652801,Redwood NP - Prairie Creek Visitors Center
-77.37216,37.42917,Richmond NB - 8573 Battlefield Park Rd Henrico VA 23231>804-226-1981 
-77.4425964,37.5355301,Richmond NB - Civil War Visitors Center
-77.2866669,37.5857582,Richmond NB - Cold Harbor Visitors Center
-77.370636,37.4312172,Richmond NB - Fort Harrison Visitors Center
-77.2344818,37.4356957,Richmond NB - Glendale Visitors Center
-106.269658,35.778097,Rio Grande del Norte NM - 15 Entrance Rd Los Alamos NM 87544 
-83.37687,41.91361,River Raisin NB - E Elm Ave Monroe MI 48162 
-77.05309,38.91306,Rock Creek & Potomac Parkway - Waterside Dr NW Washington - DC 20008 
-77.04369,38.9575,Rock Creek Park - Ross Dr NW Washington DC 20015>202-895-6070 
-105.68833,40.414,Rocky Mountain NP - 1000 US 36 Estes Park CO 80517>970-586-1206 
-105.7536316,40.4411621,Rocky Mountain NP - Alpine Visitor Center (Seasonal)
-105.560997,40.3662186,Rocky Mountain NP - Beaver Meadows Visitor Center
-105.5783463,40.3673401,Rocky Mountain NP - Entrance Station-Beaver Meadows
-105.5900726,40.4039955,Rocky Mountain NP - Entrance Station-Fall River
-105.8329926,40.267334,Rocky Mountain NP - Entrance Station-Grand Lake
-105.5342407,40.2189636,Rocky Mountain NP - Entrance Station-Wild Basin
-105.5867615,40.4019241,Rocky Mountain NP - Fall River Visitor Center
-105.8328247,40.2669067,Rocky Mountain NP - Kawuneeche Visitor Center
-105.5371552,40.3060951,Rocky Mountain NP - Lily Lake Visitor Center (Seasonal)
-71.40946,41.83038,Roger Williams NMEM - 282 N Main St Providence RI 02903 
-122.25621,37.87262,Room 307 Gilman Hall University of California - Berkeley CA 94720 
-66.95786,44.87583,Roosevelt Campobello International Park - Campobello New Brunswick Canada>506-752-2922 
-168.14865,-14.50865,Rose Atoll Marine NM - Pago Pago Harbor American Samoa 
-121.24373,48.67306,Ross Lake NRA - SR 20 Marblemount WA 98267 
-85.80185,34.97417,Russell Cave NM - 3729 CR 98 Bridgeport AL 35740 
-73.49605,40.88556,Sagamore Hill NHS - 20 Sagamore Hill Rd Oyster Bay NY 11771>516-922-4788 
-73.4994202,40.8861923,Sagamore Hill NHS - Visitor Center
-111.12923,32.2432,Saguaro NP - 3693 S Old Spanish Trail Tucson AZ 85730>520-733-5158 
-111.1951675,32.2546654,Saguaro NP - Red Hills Visitor Center
-110.7362747,32.1802177,Saguaro NP - Saguaro Visitor Center
-67.13188,45.12833,Saint Croix Island NHS - 84 St. Croix Dr Calais ME 04619>207-454-3871 
-92.8053665,45.0584374,Saint Croix NSR - Lower River Visitor Center
-92.78656,45.7739258,Saint Croix NSR - Marshland Visitor Center
-91.8155975,45.9042778,Saint Croix NSR - Namekagon Visitor Center
-92.65606,45.38917,Saint Croix NSR - Park Rd Dresser WI 54009 
-92.6464157,45.4157677,Saint Croix NSR - Visitor Center
-73.82437,40.89278,Saint Paul's Church NHS - 897 S Columbus Ave Mount Vernon NY 10550>914-667-4116 
-72.36719,43.4959,Saint-Gaudens NHS - 139 Saint Gaudens Rd Cornish NH 03745>603-675-2175 
-72.3684006,43.5007934,Saint-Gaudens NHS - Visitor Center
-70.88577,42.52056,Salem Maritime NHS - 160 Derby St Salem MA 01970>978-740-1650 
-70.8877105,42.5209465,Salem Maritime NHS - Orientation & Visitor Center
-106.08873,34.25972,Salinas Pueblo Missions NM - 102 South Ripley Mountainair NM 87036>505-847-2585 
-106.3744888,34.4501037,Salinas Pueblo Missions NM - Abo Visitor Center
-106.0921936,34.2594147,Salinas Pueblo Missions NM - Gran Quivira Visitor Center
-106.2972488,34.5949898,Salinas Pueblo Missions NM - Punta De Agua Visitor Center
-106.2447815,34.5107765,Salinas Pueblo Missions NM - Salinas Pueblos Visitor Center
-64.75741,17.77889,Salt River Bay NHP - St. Croix US VI 00820>340-773-1460 
-98.47879,29.36167,San Antonio Missions NHP - 2202 Roosevelt Ave San Antonio TX 78210>210-534-8833 
-98.4802017,29.3601055,San Antonio Missions NHP - Visitor Center
-122.42203,37.80639,San Francisco Maritime NHP - 499 Jefferson St San Francisco CA 94109>415-447-5000 
-122.98403,48.45583,San Juan Island NHP - 650 Mullis St Friday Harbor WA 98250>360-378-2240 
-66.10883,18.4675,San Juan NHS - San Juan PR 00926>787-729-6777 
-102.52703,38.54083,Sand Creek Massacre NHS -Kiowa - CO 81036>719-729-3003 
-105.93878,35.69,Santa Fe NHT - 201 W Marcy Ave Santa Fe NM 87501 
-118.60093,34.10389,Santa Monica Mountains NRA - 401 W Hillcrest Dr Thousand Oaks CA 91360 
-118.8872223,34.1885528,Santa Monica Mountains NRA - Visitor Center
-116.70421,33.80083,Santa Rosa & San Jacinto Mountains NM - Pacific Crest Trail White Water CA 92282 
-73.63599,42.99889,Saratoga NHP - Saratoga National Battlefield Rd Stillwater NY 12170> 518-664-9821 
-73.6489258,43.0122032,Saratoga NHP - Visitor Center
-71.00744,42.46778,Saugus Iron Works NHS - 244 Central St Saugus MA 01906>781-233-0050 
-71.0089798,42.4684792,Saugus Iron Works NHS - Visitor Center
-103.69923,41.83556,Scotts Bluff NM - Gering NE 69341>308-436-4340 
-103.7072907,41.8286896,Scotts Bluff NM - Visitors Center
-86.43878,32.3,Selma to Montgomery NHT - 7427 Selma Hwy Montgomery AL 36108 
-118.72113,36.36444,Sequoia NP - 86724 Highway 180 Kings Canyon National Park CA 93633>559-565-3341 
-118.6696472,36.7929878,Sequoia NP - Cedar Grove Visitor Center
-118.9633255,36.716568,Sequoia NP - Entrance Station-Big Stump Entrance Station
-118.8317413,36.4922447,Sequoia NP - Foothills Visitor Center
-118.9633865,36.7399216,Sequoia NP - Grant Grove Visitor Center
-118.7330093,36.6057053,Sequoia NP - Lodgepole Visitor Center
-77.00214,38.89194,Sewall-Belmont House NHS - 215 Constitution Ave NE Washington DC 20002>202-546-1210 
-78.29942,38.72,Shenandoah NP - 3655 US Hwy 211 E Luray VA 22835>540-999-2170 
-78.4366302,38.5175858,Shenandoah NP - BYRD Visitor Center
-78.2046357,38.8715668,Shenandoah NP - Dickey Ridge Visitor Center
-78.1924362,38.9033089,Shenandoah NP - Entrance Station-Front Royal
-78.8589477,38.0338669,Shenandoah NP - Entrance Station-Rockfish(South)
-78.5466767,38.3591003,Shenandoah NP - Entrance Station-Swift Run Gap
-78.3205566,38.6623116,Shenandoah NP - Entrance Station-Thornton Gap
-88.31878,35.15041,Shiloh National Cemetery - 1055 Pittsburg Lndg Shiloh TN 38376>731-689-5696 
-88.3230438,35.1524848,Shiloh National Cemetery - Visitor Center
-88.32852,35.15188,Shiloh NMP - 1055 Pittsburg Lndg Shiloh TN 38376>731-689-5696 
-88.3228226,35.1527672,Shiloh NMP - Visitor Center
-135.31233,57.04694,Sitka NHP - 106 Metlakatla St Sitka AK 99835>907-747-6281 
-86.01884,44.91306,Sleeping Bear Dunes NL - 9922 Front St Empire MI 49630>231-326-5134 
-86.093895,45.0102653,Sleeping Bear Dunes NL - Visitor Center
-112.45365,33.00166,Sonoran Desert NM - Maricopa AZ 85239>623-580-5500 
-89.64140087,39.80432408,Springfield 1908 Race Riot NM - Springfield IL 62702
-72.58022,42.10806,Springfield Armory NHS - 1 Armory Square Springfield MA 01105>413-734-8551 
-72.5809326,42.1089821,Springfield Armory NHS - Visitor Center
-76.57865,39.26306,Star-Spangled Banner NHT - MD 
-74.04348,40.68968,Statue Of Liberty NM - Liberty Island NY NY 10004 
-74.0463791,40.6885414,Statue Of Liberty NM - Visitor Center
-90.04331995,37.97925361,Ste. Genevieve NHP - 99 S Main St Ste. Genevieve MO 63670>573-880-7189
-75.66987,41.40733,Steamtown NHS - 150 S Washington Ave Scranton PA 18503>570-340-5200 
-75.6693268,41.4067154,Steamtown NHS - Visitor Center
-86.43471,35.87639,Stones River National Cemetery - 3501 Old Nashville Hwy Murfreesboro TN 37129>615-893-9501 
-86.4351,35.87628,Stones River NB - 3501 Old Nashville Hwy Murfreesboro TN 37129>615-893-9501 
-86.4348679,35.8806458,Stones River NB - Visitor Center
-74.002332,40.733573,Stonewall NM - W 4th Street New York NY 10014>212-825-6992
-76.96672,38.84693,Suitland Parkway - Washington DC & MD 
-111.49913,35.36558,Sunset Crater Volcano NM - Rte 3 Flagstaff AZ 86004>928-526-0502 
-111.5434418,35.3688431,Sunset Crater Volcano NM - Visitor Center
-96.5574,38.43278,Tallgrass Prairie National Preserve - Hwy 177 Scenic Strong City KS 66869>620-273-8494 
-75.14603,39.94333,Thaddeus Kosciuszko NMEM - 247 Pine St Philadelphia PA 19106>215-597-7130 
-75.1478348,39.9432488,Thaddeus Kosciuszko NMEM - Visitor Center
-73.98826,40.73889,Theodore Roosevelt Birthplace NHS - 28 E 20th St New York NY 10033>212-260-1616 
-73.989563,40.7389412,Theodore Roosevelt Birthplace NHS - Visitor Center
-78.87096,42.90148,Theodore Roosevelt Inaugural NHS - 641 Delaware Ave Buffalo NY 14202>716-884-0095 
-78.8729629,42.9012299,Theodore Roosevelt Inaugural NHS - Ansley Wilcox Visitor Center
-77.06273,38.89721,Theodore Roosevelt Island - GW Memorial Pkwy N Arlington VA 22209 
-103.24743,47.3352,Theodore Roosevelt NP - 315 2nd Ave Medora ND 58645>701-623-4466 
-103.5268021,46.9155007,Theodore Roosevelt NP - Entrance Station-Park Entrance Station
-103.5262299,46.9164391,Theodore Roosevelt NP - Medora Visitor Center
-103.3812637,46.8953972,Theodore Roosevelt NP - Painted Canyon Visitor Center
-103.2607651,47.6002579,Theodore Roosevelt NP - Visitor Center
-73.86049,42.22583,Thomas Cole NHS - 218 Spring St Catskill NY 12414>518-943-7465 
-74.23629,40.78694,Thomas Edison NHP - 211 Main St West Orange NJ 07052>973-736-0550 
-74.234703,40.7839546,Thomas Edison NHP - Laboratory Visitor Center
-77.03518,38.88139,Thomas Jefferson Memorial - 701 West Basin Dr SW Washington DC 20242>202-426-6841 
-77.03466,38.53139,Thomas Stone NHS - 6550 Rose Hill Rd Port Tobacco Village MD 20677>301-392-1776 
-111.7054367,40.4436264,Timpanogos Cave NM - Timpanogos Cave Visitor Center
-111.70783,40.44056,Timpanogos Cave NM - Utah 92 American Fork UT 84003>801-756-5238 
-77.07077,38.87637,Tomb of the Unknowns - Arlington VA 22209>703-607-8000 
-111.09283,33.65694,Tonto NM - Roosevelt AZ 85545>928-467-2241 
-111.112915,33.6451721,Tonto NM - Visitor Center
-71.31049,41.48944,Touro Synagogue NHS - 85 Touro St Newport RI 02840>401-847-4794 
-105.93877,35.69,Trail of Tears NHT - 247 W Marcy St Santa Fe NM 87501 
-121.3716749,41.88674793,Tule Lake NM - CA-139 Newell CA 96134>530-260-0537
-115.306,36.371,Tule Springs Fossil Beds NM - NV
-111.0509872,31.5678234,TUMA-5806-Visitor Center-Tumacacori Visitors Canter
-111.04923,31.5675,Tumacacori NHP - 1891 E Frontage Rd Tumacacori AZ 85640>520-398-2341 
-88.73577,34.25528,Tupelo NB - 128 Harrisburg Landing Tupelo MS 38801 
-75.03567,41.03178,Turtle Beach NJ DWNRA - CR 606 Hardwick NJ 07825 
-85.67855,32.45722,Tuskegee Airmen NHS - 1616 Chappie James Ave Tuskegee AL 36083>334-724-0922 
-85.70633,32.43028,Tuskegee Institute NHS - 42 Tuskegee University G20-319: Tuskegee Inst AL 36088>334-727-8011 
-112.02443,34.77085,Tuzigoot NM - 25 W Tuzigoot Rd Clarkdale AZ 86324>928-634-5564 
-90.35049,38.55111,Ulysses S. Grant NHS - 7400 Grant Rd St. Louis MO 63123>314-842-3298 
-90.3522797,38.5502052,Ulysses S. Grant NHS - Visitor Center
-77.06477,38.86865,United States Air Force Memorial - Arlington VA 22209>703-979-0674 
-77.06817,38.89047,United States Marine Corps War Memorial - 1400 N Meade St Arlington VA 22209>703-289-2500 
-77.02157,38.89417,United States Navy Memorial - 701 Pennsylvania Ave DC 20004>202-737-2300 
-75.05859,41.64008,Upper Delaware NSR - Beach Lake PA>570-729-7134
-75.0613022,41.6079597,Upper Delaware NSR - Narrowsburg Visitor Center
-74.9858627,41.4816818,Upper Delaware NSR - Roebling Bridge Visitor Center
-109.02004,47.78333,Upper Missouri River Breaks NM - 920 NE Main St Lewistown MT 59457>406-538-1900 
-157.94843,21.365,USS Arizona Memorial - 1 Arizona Memorial Pl Honolulu HI 96818>808-422-3300 
-157.9420013,21.3670864,USS Arizona Memorial - Visitor Center
-157.96115,21.36889,USS Utah Memorial - 1 Arizona Memorial Pl Honolulu HI 96818>808-422-3300 
-106.533333,35.9,Valles Caldera NPR - Jemez Mountains NM
-75.4374,40.09693,Valley Forge NHP - 171 Quarry Rd King of Prussia PA 19406>610-783-1099 
-75.4226914,40.1017304,Valley Forge NHP - Visitor Center
-73.94045,41.79611,Vanderbilt Mansion NHS - Hyde Park NY 12538>845-229-7770 
-73.9430695,41.7943077,Vanderbilt Mansion NHS - Visitor Center
-111.73976,36.80639,Vermilion Cliffs NM - Marble Canyon AZ 86036 
-90.8483,32.34886,Vicksburg National Cemetery - Union Ave Vicksburg MS 39183 
-90.84834,32.34879,Vicksburg NMP - 3201 Clay St Vicksburg MS 39183>601-636-0583 
-90.8516617,32.3441811,Vicksburg NMP - Visitor Center
-77.04627,38.8911,Vietnam Veterans Memorial - Washington DC 20024>202-426-6841 
-77.0455,38.8904,Vietnam Women's Memorial - Washington DC 20242>866-822-8963 
-64.72546,18.30611,Virgin Islands Coral Reef NM - St. John US VI 
-64.73194,18.33333,Virgin Islands NP - Central US VI>340-776-6201 
-64.7951966,18.3328438,Virgin Islands NP - Cruz Bay Visitor Center
-93.16301,48.58472,Voyageurs NP - 360 Hwy 11 E International Falls MN 56649>218-283-6600 
-92.8503418,48.4355507,Voyageurs NP - Ash River Visitor Center
-93.030098,48.4460564,Voyageurs NP - Kabetogama Lake Visitor Center
-93.1614837,48.5843811,Voyageurs NP - Rainy Lake Visitor Center
-97.175,31.606,Waco Mammoth National Monument - Waco TX
-111.50813,35.17167,Walnut Canyon NM - Walnut Canyon Rd Flagstaff AZ 86004>928-526-3367 
-111.509346,35.1716995,Walnut Canyon NM - Walnut Canyon Visitor Center
144.66694,13.3,War in the Pacific NHP - 2 Agat Guam 671-333-4050 
144.7167511,13.4718971,War in the Pacific NHP - T Stell Newman Visitor Center
-77.03375,38.88947,Washington Monument - Madison Dr NW & 15th St NW Washington DC 20001>202-426-6841 
-77.0373612,38.8881302,Washington Monument - Visitor Center
-99.69883,36.6175,Washita Battlefield NHS - Roger Mills OK 73851>580-497-2742 
-73.45325,41.25806,Weir Farm NHP - 735 Nod Hill Rd Wilton CT 06897>203-834-1896 
-73.4564285,41.2566986,Weir Farm NHP - Burlingham House Visitor Center
-77.04561,38.886,West Potomac Park - W Basin Dr SW Washington DC 20024>202-485-9880 
-122.94043,40.73528,Whiskeytown Shasta Trinity NRA - 111 Garden Gulch St Weaverville CA 96093 
-122.5200272,40.6150513,Whiskeytown Shasta Trinity NRA - Visitor Information Center/Overlook
-77.03505,38.89767,White House - 1600 Pennsylvania Ave NW Washington DC 20500>202-456-1414 
-77.0329895,38.8951149,White House - Visitor Center
-106.17013,32.77971,White Sands NP - 19955 US 70 Alamogordo NM 88310>575-479-6124 
-106.172368,32.779536,White Sands NP - Between MM 199 and 200 on US-70 NM
-106.1726608,32.7802581,White Sands NP - Entrance Station
-106.1722183,32.779644,White Sands NP - White Sands Visitor Center
-118.45983,46.04,Whitman Mission NHS - 405 W Main St Walla Walla WA 99362>509-529-2761 
-118.4637451,46.041378,Whitman Mission NHS - Whitman Mission Visitor Center
-84.50716,39.11972,William Howard Taft NHS - 2038 Auburn Ave Cincinnati OH 45219>513-684-3262 
-84.5082626,39.1175041,William Howard Taft NHS - Visitor Center
-93.59511,33.66717,William J Clinton Birthplace Home NHS - 117 S Hervey St Hope AR 71801>870-777-4455 
-93.41855,37.11556,Wilson's Creek NB - Brookline Township MO 65619>417-732-2662 
-93.4197998,37.1156273,Wilson's Creek NB - Visitor Center
-103.43173,43.5909,Wind Cave NP - Highland Ridge Rd Fairburn SD 57738>605-745-4600 
-103.4781265,43.5561485,Wind Cave NP - Wind Cave Visitor Center
-77.26055,38.93694,Wolf Trap National Park for the Performing Arts - 1551 Trap Rd VA 22182>703-255-1800 
-76.79991,42.91083,Women's Rights NHP - 136 Fall St Seneca Falls NY 13148>315-568-0024 
-76.8000717,42.9105873,Women's Rights NHP - Visitor Center
-75.581496,39.800277,Woodlawn NM - 47 Adams Dam Rd Wilmington DE 19807 
-77.032908,38.896009,World War I Memorial - DC 20004>202-426-6841
-77.032778,38.896111,World War I Memorial - Washington DC 20045>202-426-6841
-122.36313,37.90619,World War II Home Front NHP - 1414 Harbour Way S #3000 Richmond CA 94804>510-232-5050 
-143.21491,61.24284,Wrangell-St. Elias NP - Edgerton Hwy Chitina AK 99566 
-141.99843,61,Wrangell-St. Elias NP & Preserve - Edgerton Hwy Chitina AK 99566 
-75.66663,36.01417,Wright Brothers NMEM - 1000 N croatan Hwy Kill Devil Hills NC 27948>252-441-7430 
-75.6677017,36.0208359,Wright Brothers NMEM - Visitor Center
-111.38533,35.56556,Wupatki NM - 25137 N Wupatki Loop Rd Flagstaff AZ 86004>928-679-2365 
-111.371666,35.5202904,Wupatki NM - Wapatki Visitor Center
-174.44393,52.13806,WW II Valor in the Pacific NM Atka Island - Atka Island AK 99547 
172.90944,52.9025,WW II Valor in the Pacific NM Attu Island - Attu Island AK 
-157.95891,21.36389,WW II Valor in the Pacific NM Ford Island- 319 Lexington Blvd #37 Honolulu - HI 96818>808-441-1000 
177.46,51.96417,WW II Valor in the Pacific NM Kiska - Kiska AK 
-157.94878,21.365,WW II Valor in the Pacific NM USS Arizona - 1 Arizona Memorial Pl Honolulu HI 96818>808-422-3300 
-157.95293,21.36339,WW II Valor in the Pacific NM USS Oklahoma - 1 Arizona Memorial Pl Honolulu HI 96818>808-422-3300 
-157.96128,21.36889,WW II Valor in the Pacific NM USS Utah- 1 Arizona Memorial Place Honolulu - HI 96818>808-422-3300 
-121.37337,41.88944,WW II Valor in the Pacific Tule Lake Relocation Center -800 Main St Tulelake - CA 96134>530-667-8119 
-110.6994705,44.9763489,Yellowstone NP - Albright Visitor Center
-110.4919052,44.7346993,Yellowstone NP - Canyon Village Visitor Center
-110.003891,44.488533,Yellowstone NP - Entrance Station-East Entrance
-110.6667938,44.1357536,Yellowstone NP - Entrance Station-South Entrance
-111.0919037,44.6572227,Yellowstone NP - Entrance Station-West Entrance
-110.3733215,44.5617409,Yellowstone NP - Fishing Bridge Visitor Center
-110.61213,44.79573,Yellowstone NP - Grand Loop Rd Yellowstone National Park WY 82190>307-344-7381 
-110.5563202,44.3936234,Yellowstone NP - Grant Village Visitor Center
-110.8294907,44.4587822,Yellowstone NP - Old Faithful Visitor Center
-76.50495,37.22493,Yorktown National Cemetery - 1000 Colonial National Historic Pkwy Yorktown VA 23690>757-898-2410 
-119.7297821,37.6875153,Yosemite NP - Entrance Station-Arch Rock Entrance
-119.8741837,37.8007698,Yosemite NP - Entrance Station-Big Oak Flat Entrance
-119.8415222,37.8934593,Yosemite NP - Entrance Station-Hetch Hetchy Entrance
-119.6324463,37.5069656,Yosemite NP - Entrance Station-South Entrance
-119.2582092,37.9107208,Yosemite NP - Entrance Station-Tioga Pass Entrance
-119.593556,37.745663,Yosemite NP - Northside Dr Yosemite National Park CA 95389>209-372-0200 
-119.3744812,37.8715324,Yosemite NP - Tuolumne Meadows Visitor Center
-119.5872879,37.7485962,Yosemite NP - Valley Visitor Center
-119.598185,37.743828,Yosemite NP Valley Lodge - 9006 Yosemite Lodge Dr Yosemite National Park CA 95389>209-372-1274
-119.587203,37.748903,Yosemite NP Valley Visitor Center - 9035 Village Dr Yosemite National Park CA 95389>209-372-0200
-108.68483,37.25027,Yucca House NM - 19751 Road B Cortez CO 81321>970-529-4465 
-142.79843,65,Yukon Charley Rivers National Preserve - Southeast Fairbanks AK 99780>907-547-2233 
-112.68013,37.22299,Zion NP - 2625 State St Mt Carmel UT 84755>435-772-3256 
-112.8749924,37.2336273,Zion NP - Entrance Station-East Entrance
-113.2255478,37.4535408,Zion NP - Kolob Canyons Visitor Center
-112.9802933,37.2092552,Zion NP - Zion Canyon Visitor Center
